Date,Open,High,Low,Close,Adj Close,Volume,truth
2020-07-27,10421.700195,10546.44043,10399.860352,10536.269531,10536.269531,4244570000.0,1
2020-07-28,10509.200195,10523.639648,10397.870117,10402.089844,10402.089844,3894660000.0,1
2020-07-29,10474.700195,10567.910156,10464.0,10542.94043,10542.94043,4009640000.0,1
2020-07-30,10450.120117,10609.589844,10412.089844,10587.80957,10587.80957,4185810000.0,1
2020-07-31,10741.469727,10747.799805,10557.700195,10745.269531,10745.269531,4438730000.0,1
2020-08-01,10741.469727,10747.799805,10557.700195,10745.269531,10745.269531,4438730000.0,0
2020-08-02,10741.469727,10747.799805,10557.700195,10745.269531,10745.269531,4438730000.0,0
2020-08-03,10848.639648,10927.55957,10831.150391,10902.799805,10902.799805,4203890000.0,1
2020-08-04,10897.889648,10941.910156,10852.900391,10941.169922,10941.169922,4016520000.0,1
2020-08-05,10967.870117,11002.110352,10943.719727,10998.400391,10998.400391,4160740000.0,1
2020-08-06,10989.980469,11121.19043,10963.410156,11108.070313,11108.070313,4120000000.0,1
2020-08-07,11072.530273,11126.040039,10920.370117,11010.980469,11010.980469,4263930000.0,1
2020-08-08,11072.530273,11126.040039,10920.370117,11010.980469,11010.980469,4263930000.0,0
2020-08-09,11072.530273,11126.040039,10920.370117,11010.980469,11010.980469,4263930000.0,0
2020-08-10,11033.730469,11040.240234,10849.459961,10968.360352,10968.360352,4048420000.0,1
2020-08-11,10942.660156,10989.419922,10762.709961,10782.820313,10782.820313,4331770000.0,1
2020-08-12,10878.120117,11036.719727,10877.160156,11012.240234,11012.240234,3745230000.0,1
2020-08-13,11026.860352,11124.849609,11007.5,11042.5,11042.5,3480470000.0,1
2020-08-14,11042.240234,11058.44043,10972.05957,11019.299805,11019.299805,3514260000.0,1
2020-08-15,11042.240234,11058.44043,10972.05957,11019.299805,11019.299805,3514260000.0,0
2020-08-16,11042.240234,11058.44043,10972.05957,11019.299805,11019.299805,3514260000.0,0
2020-08-17,11083.25,11144.530273,11080.299805,11129.730469,11129.730469,3214870000.0,1
2020-08-18,11170.75,11230.620117,11103.830078,11210.839844,11210.839844,3228590000.0,1
2020-08-19,11214.799805,11257.419922,11132.099609,11146.459961,11146.459961,3496480000.0,1
2020-08-20,11096.400391,11283.620117,11090.030273,11264.950195,11264.950195,4215130000.0,1
2020-08-21,11258.44043,11326.209961,11245.44043,11311.799805,11311.799805,3929290000.0,1
2020-08-22,11258.44043,11326.209961,11245.44043,11311.799805,11311.799805,3929290000.0,0
2020-08-23,11258.44043,11326.209961,11245.44043,11311.799805,11311.799805,3929290000.0,0
2020-08-24,11449.25,11462.049805,11297.530273,11379.719727,11379.719727,3907310000.0,1
2020-08-25,11370.230469,11468.259766,11343.040039,11466.469727,11466.469727,3475280000.0,1
2020-08-26,11516.620117,11672.049805,11507.459961,11665.05957,11665.05957,3471520000.0,1
2020-08-27,11688.19043,11730.009766,11551.009766,11625.339844,11625.339844,3547400000.0,1
2020-08-28,11689.280273,11708.769531,11634.769531,11695.629883,11695.629883,3012980000.0,1
2020-08-29,11689.280273,11708.769531,11634.769531,11695.629883,11695.629883,3012980000.0,0
2020-08-30,11689.280273,11708.769531,11634.769531,11695.629883,11695.629883,3012980000.0,0
2020-08-31,11718.80957,11829.839844,11697.419922,11775.459961,11775.459961,3612050000.0,1
2020-09-01,11850.959961,11945.719727,11794.780273,11939.669922,11939.669922,3511060000.0,1
2020-09-02,12047.259766,12074.05957,11836.179688,12056.44043,12056.44043,3982360000.0,1
2020-09-03,11861.900391,11894.400391,11361.360352,11458.099609,11458.099609,4465010000.0,1
2020-09-04,11396.240234,11531.179688,10875.870117,11313.129883,11313.129883,4284440000.0,1
2020-09-05,11396.240234,11531.179688,10875.870117,11313.129883,11313.129883,4284440000.0,0
2020-09-06,11396.240234,11531.179688,10875.870117,11313.129883,11313.129883,4284440000.0,0
2020-09-07,11396.240234,11531.179688,10875.870117,11313.129883,11313.129883,4284440000.0,0
2020-09-08,10900.700195,11131.5,10837.200195,10847.69043,10847.69043,3905420000.0,1
2020-09-09,11064.759766,11217.69043,10970.450195,11141.55957,11141.55957,3550660000.0,1
2020-09-10,11235.530273,11299.530273,10875.019531,10919.589844,10919.589844,3840010000.0,1
2020-09-11,11010.070313,11033.040039,10728.030273,10853.549805,10853.549805,3630250000.0,1
2020-09-12,11010.070313,11033.040039,10728.030273,10853.549805,10853.549805,3630250000.0,0
2020-09-13,11010.070313,11033.040039,10728.030273,10853.549805,10853.549805,3630250000.0,0
2020-09-14,11010.139648,11118.290039,10982.259766,11056.650391,11056.650391,3737610000.0,1
2020-09-15,11193.959961,11244.459961,11127.980469,11190.320313,11190.320313,3786110000.0,1
2020-09-16,11222.080078,11245.419922,11046.429688,11050.469727,11050.469727,3678020000.0,1
2020-09-17,10796.049805,10974.450195,10783.80957,10910.280273,10910.280273,3740110000.0,1
2020-09-18,10973.450195,10977.679688,10639.950195,10793.280273,10793.280273,5759090000.0,1
2020-09-19,10973.450195,10977.679688,10639.950195,10793.280273,10793.280273,5759090000.0,0
2020-09-20,10973.450195,10977.679688,10639.950195,10793.280273,10793.280273,5759090000.0,0
2020-09-21,10610.139648,10782.740234,10519.490234,10778.799805,10778.799805,3900970000.0,1
2020-09-22,10873.299805,10979.650391,10737.519531,10963.639648,10963.639648,3515440000.0,1
2020-09-23,10950.820313,10962.030273,10612.910156,10632.990234,10632.990234,4097320000.0,1
2020-09-24,10551.019531,10799.549805,10520.219727,10672.269531,10672.269531,4086360000.0,1
2020-09-25,10680.459961,10939.549805,10639.980469,10913.55957,10913.55957,3785270000.0,1
2020-09-26,10680.459961,10939.549805,10639.980469,10913.55957,10913.55957,3785270000.0,0
2020-09-27,10680.459961,10939.549805,10639.980469,10913.55957,10913.55957,3785270000.0,0
2020-09-28,11084.379883,11120.790039,11019.139648,11117.530273,11117.530273,3591740000.0,1
2020-09-29,11109.0,11153.230469,11065.629883,11085.25,11085.25,3389040000.0,1
2020-09-30,11092.900391,11277.959961,11092.900391,11167.509766,11167.509766,4260630000.0,1
2020-10-01,11291.990234,11344.129883,11240.530273,11326.509766,11326.509766,4005900000.0,1
2020-10-02,11082.530273,11244.870117,11033.69043,11075.019531,11075.019531,3731510000.0,1
2020-10-03,11082.530273,11244.870117,11033.69043,11075.019531,11075.019531,3731510000.0,0
2020-10-04,11082.530273,11244.870117,11033.69043,11075.019531,11075.019531,3731510000.0,0
2020-10-05,11169.110352,11335.209961,11162.519531,11332.490234,11332.490234,3623920000.0,1
2020-10-06,11314.530273,11392.410156,11124.450195,11154.599609,11154.599609,4390960000.0,1
2020-10-07,11271.679688,11380.55957,11258.349609,11364.599609,11364.599609,3910770000.0,1
2020-10-08,11443.349609,11448.230469,11384.330078,11420.980469,11420.980469,3507570000.0,1
2020-10-09,11487.599609,11581.230469,11476.660156,11579.94043,11579.94043,3504230000.0,1
2020-10-10,11487.599609,11581.230469,11476.660156,11579.94043,11579.94043,3504230000.0,0
2020-10-11,11487.599609,11581.230469,11476.660156,11579.94043,11579.94043,3504230000.0,0
2020-10-12,11732.330078,11965.540039,11704.129883,11876.259766,11876.259766,3885030000.0,1
2020-10-13,11901.759766,11946.980469,11821.830078,11863.900391,11863.900391,3634130000.0,1
2020-10-14,11889.070313,11939.919922,11714.349609,11768.730469,11768.730469,3410410000.0,1
2020-10-15,11559.879883,11740.679688,11559.099609,11713.870117,11713.870117,3325270000.0,1
2020-10-16,11761.830078,11827.419922,11648.530273,11671.55957,11671.55957,3166980000.0,1
2020-10-17,11761.830078,11827.419922,11648.530273,11671.55957,11671.55957,3166980000.0,0
2020-10-18,11761.830078,11827.419922,11648.530273,11671.55957,11671.55957,3166980000.0,0
2020-10-19,11732.339844,11778.110352,11454.570313,11478.879883,11478.879883,3477410000.0,1
2020-10-20,11531.830078,11632.889648,11471.230469,11516.490234,11516.490234,3510040000.0,1
2020-10-21,11530.389648,11613.790039,11476.080078,11484.69043,11484.69043,3467310000.0,1
2020-10-22,11526.969727,11548.769531,11369.290039,11506.009766,11506.009766,3434040000.0,1
2020-10-23,11536.009766,11548.849609,11434.860352,11548.280273,11548.280273,3145570000.0,1
2020-10-24,11536.009766,11548.849609,11434.860352,11548.280273,11548.280273,3145570000.0,0
2020-10-25,11536.009766,11548.849609,11434.860352,11548.280273,11548.280273,3145570000.0,0
2020-10-26,11440.639648,11545.629883,11221.05957,11358.94043,11358.94043,3205100000.0,1
2020-10-27,11409.339844,11465.05957,11361.860352,11431.349609,11431.349609,3104770000.0,1
2020-10-28,11230.900391,11249.950195,10999.070313,11004.870117,11004.870117,3930690000.0,1
2020-10-29,11064.469727,11287.629883,11030.19043,11185.589844,11185.589844,3244190000.0,1
2020-10-30,11103.469727,11129.80957,10822.570313,10911.589844,10911.589844,3671600000.0,1
2020-10-31,11103.469727,11129.80957,10822.570313,10911.589844,10911.589844,3671600000.0,0
2020-11-01,11103.469727,11129.80957,10822.570313,10911.589844,10911.589844,3671600000.0,0
2020-11-02,11010.450195,11071.080078,10830.950195,10957.610352,10957.610352,3209000000.0,1
2020-11-03,11038.660156,11213.919922,11004.839844,11160.570313,11160.570313,3216580000.0,1
2020-11-04,11443.769531,11663.30957,11394.209961,11590.780273,11590.780273,3620760000.0,1
2020-11-05,11816.330078,11924.280273,11784.150391,11890.929688,11890.929688,3848160000.0,1
2020-11-06,11869.900391,11920.540039,11737.129883,11895.230469,11895.230469,4183220000.0,1
2020-11-07,11869.900391,11920.540039,11737.129883,11895.230469,11895.230469,4183220000.0,0
2020-11-08,11869.900391,11920.540039,11737.129883,11895.230469,11895.230469,4183220000.0,0
2020-11-09,12046.660156,12108.070313,11703.490234,11713.780273,11713.780273,5863900000.0,1
2020-11-10,11622.44043,11665.870117,11424.610352,11553.860352,11553.860352,4736560000.0,1
2020-11-11,11656.650391,11793.570313,11638.900391,11786.429688,11786.429688,3854680000.0,1
2020-11-12,11802.5,11847.839844,11666.370117,11709.589844,11709.589844,3886670000.0,1
2020-11-13,11794.94043,11849.790039,11715.519531,11829.290039,11829.290039,3654230000.0,1
2020-11-14,11794.94043,11849.790039,11715.519531,11829.290039,11829.290039,3654230000.0,0
2020-11-15,11794.94043,11849.790039,11715.519531,11829.290039,11829.290039,3654230000.0,0
2020-11-16,11847.110352,11937.719727,11814.889648,11924.129883,11924.129883,4172570000.0,1
2020-11-17,11913.349609,11950.179688,11852.410156,11899.339844,11899.339844,4145030000.0,1
2020-11-18,11896.05957,11942.490234,11799.959961,11801.599609,11801.599609,4731420000.0,1
2020-11-19,11779.040039,11912.629883,11760.980469,11904.709961,11904.709961,5385190000.0,1
2020-11-20,11892.700195,11935.469727,11852.509766,11854.969727,11854.969727,5350970000.0,1
2020-11-21,11892.700195,11935.469727,11852.509766,11854.969727,11854.969727,5350970000.0,0
2020-11-22,11892.700195,11935.469727,11852.509766,11854.969727,11854.969727,5350970000.0,0
2020-11-23,11916.759766,11949.330078,11796.530273,11880.629883,11880.629883,5473250000.0,1
2020-11-24,11939.330078,12049.879883,11863.450195,12036.790039,12036.790039,6339580000.0,1
2020-11-25,12053.889648,12114.769531,12020.950195,12094.400391,12094.400391,4448640000.0,1
2020-11-26,12053.889648,12114.769531,12020.950195,12094.400391,12094.400391,4448640000.0,0
2020-11-27,12159.179688,12236.230469,12154.570313,12205.849609,12205.849609,3401830000.0,1
2020-11-28,12159.179688,12236.230469,12154.570313,12205.849609,12205.849609,3401830000.0,0
2020-11-29,12159.179688,12236.230469,12154.570313,12205.849609,12205.849609,3401830000.0,0
2020-11-30,12224.25,12244.650391,12027.160156,12198.740234,12198.740234,7760390000.0,1
2020-12-01,12313.360352,12405.790039,12263.929688,12355.110352,12355.110352,6512420000.0,1
2020-12-02,12285.75,12360.05957,12217.349609,12349.370117,12349.370117,5194960000.0,1
2020-12-03,12369.259766,12439.019531,12356.990234,12377.179688,12377.179688,5209980000.0,1
2020-12-04,12399.320313,12464.230469,12376.44043,12464.230469,12464.230469,5086900000.0,1
2020-12-05,12399.320313,12464.230469,12376.44043,12464.230469,12464.230469,5086900000.0,0
2020-12-06,12399.320313,12464.230469,12376.44043,12464.230469,12464.230469,5086900000.0,0
2020-12-07,12461.0,12536.230469,12460.549805,12519.950195,12519.950195,4771820000.0,1
2020-12-08,12503.169922,12594.540039,12453.209961,12582.769531,12582.769531,4809480000.0,1
2020-12-09,12591.69043,12607.139648,12290.780273,12338.950195,12338.950195,5168450000.0,1
2020-12-10,12247.549805,12431.55957,12214.740234,12405.80957,12405.80957,4518580000.0,1
2020-12-11,12336.790039,12383.5,12246.769531,12377.870117,12377.870117,4292680000.0,1
2020-12-12,12336.790039,12383.5,12246.769531,12377.870117,12377.870117,4292680000.0,0
2020-12-13,12336.790039,12383.5,12246.769531,12377.870117,12377.870117,4292680000.0,0
2020-12-14,12447.44043,12543.0,12432.709961,12440.040039,12440.040039,4491930000.0,1
2020-12-15,12543.259766,12596.129883,12465.419922,12595.05957,12595.05957,4423650000.0,1
2020-12-16,12611.040039,12687.320313,12566.379883,12658.19043,12658.19043,4592700000.0,1
2020-12-17,12730.780273,12765.25,12696.349609,12764.75,12764.75,5029830000.0,1
2020-12-18,12804.929688,12809.599609,12654.599609,12755.639648,12755.639648,7125800000.0,1
2020-12-19,12804.929688,12809.599609,12654.599609,12755.639648,12755.639648,7125800000.0,0
2020-12-20,12804.929688,12809.599609,12654.599609,12755.639648,12755.639648,7125800000.0,0
2020-12-21,12596.139648,12751.269531,12525.219727,12742.519531,12742.519531,5192860000.0,1
2020-12-22,12785.219727,12840.570313,12695.30957,12807.919922,12807.919922,5811850000.0,1
2020-12-23,12834.94043,12841.919922,12758.669922,12771.110352,12771.110352,7100250000.0,1
2020-12-24,12791.540039,12833.549805,12767.639648,12804.730469,12804.730469,3305960000.0,1
2020-12-25,12791.540039,12833.549805,12767.639648,12804.730469,12804.730469,3305960000.0,0
2020-12-26,12791.540039,12833.549805,12767.639648,12804.730469,12804.730469,3305960000.0,0
2020-12-27,12791.540039,12833.549805,12767.639648,12804.730469,12804.730469,3305960000.0,0
2020-12-28,12914.639648,12930.889648,12827.450195,12899.419922,12899.419922,5109140000.0,1
2020-12-29,12965.389648,12973.330078,12821.959961,12850.219727,12850.219727,4726920000.0,1
2020-12-30,12906.509766,12924.929688,12857.759766,12870.0,12870.0,5343010000.0,1
2020-12-31,12877.089844,12902.070313,12821.230469,12888.280273,12888.280273,4815840000.0,1
2021-01-01,12877.089844,12902.070313,12821.230469,12888.280273,12888.280273,4815840000.0,0
2021-01-02,12877.089844,12902.070313,12821.230469,12888.280273,12888.280273,4815840000.0,0
2021-01-03,12877.089844,12902.070313,12821.230469,12888.280273,12888.280273,4815840000.0,0
2021-01-04,12958.519531,12958.719727,12543.240234,12698.450195,12698.450195,6636170000.0,1
2021-01-05,12665.650391,12828.269531,12665.650391,12818.959961,12818.959961,6971860000.0,1
2021-01-06,12666.150391,12909.629883,12649.990234,12740.790039,12740.790039,7689880000.0,1
2021-01-07,12867.339844,13090.910156,12867.339844,13067.480469,13067.480469,6841480000.0,1
2021-01-08,13160.219727,13208.089844,13036.549805,13201.980469,13201.980469,7289390000.0,1
2021-01-09,13160.219727,13208.089844,13036.549805,13201.980469,13201.980469,7289390000.0,0
2021-01-10,13160.219727,13208.089844,13036.549805,13201.980469,13201.980469,7289390000.0,0
2021-01-11,13048.780273,13138.269531,12999.509766,13036.429688,13036.429688,6960470000.0,1
2021-01-12,13062.05957,13105.040039,12963.919922,13072.429688,13072.429688,7264070000.0,1
2021-01-13,13088.009766,13171.150391,13051.05957,13128.950195,13128.950195,7104810000.0,1
2021-01-14,13174.75,13220.160156,13098.410156,13112.639648,13112.639648,6734100000.0,1
2021-01-15,13099.900391,13139.830078,12949.759766,12998.5,12998.5,6458360000.0,1
2021-01-16,13099.900391,13139.830078,12949.759766,12998.5,12998.5,6458360000.0,0
2021-01-17,13099.900391,13139.830078,12949.759766,12998.5,12998.5,6458360000.0,0
2021-01-18,13099.900391,13139.830078,12949.759766,12998.5,12998.5,6458360000.0,0
2021-01-19,13132.730469,13206.860352,13078.700195,13197.179688,13197.179688,6297860000.0,1
2021-01-20,13342.549805,13486.129883,13329.769531,13457.25,13457.25,6820990000.0,1
2021-01-21,13521.480469,13560.349609,13454.070313,13530.910156,13530.910156,7258640000.0,1
2021-01-22,13474.80957,13567.139648,13463.660156,13543.05957,13543.05957,5972750000.0,1
2021-01-23,13474.80957,13567.139648,13463.660156,13543.05957,13543.05957,5972750000.0,0
2021-01-24,13474.80957,13567.139648,13463.660156,13543.05957,13543.05957,5972750000.0,0
2021-01-25,13681.209961,13728.980469,13368.679688,13635.990234,13635.990234,7193710000.0,1
2021-01-26,13681.719727,13702.69043,13603.19043,13626.05957,13626.05957,6849600000.0,1
2021-01-27,13486.580078,13538.419922,13192.910156,13270.599609,13270.599609,11621190000.0,1
2021-01-28,13323.290039,13507.639648,13316.519531,13337.160156,13337.160156,9959270000.0,1
2021-01-29,13284.719727,13322.0,12985.049805,13070.69043,13070.69043,7872250000.0,1
2021-01-30,13284.719727,13322.0,12985.049805,13070.69043,13070.69043,7872250000.0,0
2021-01-31,13284.719727,13322.0,12985.049805,13070.69043,13070.69043,7872250000.0,0
2021-02-01,13226.179688,13431.459961,13132.469727,13403.389648,13403.389648,7092520000.0,1
2021-02-02,13543.099609,13652.700195,13535.860352,13612.780273,13612.780273,7325270000.0,1
2021-02-03,13718.30957,13723.830078,13585.339844,13610.540039,13610.540039,7546940000.0,1
2021-02-04,13674.05957,13778.419922,13631.620117,13777.740234,13777.740234,7295370000.0,1
2021-02-05,13824.879883,13878.160156,13761.660156,13856.299805,13856.299805,6792910000.0,1
2021-02-06,13824.879883,13878.160156,13761.660156,13856.299805,13856.299805,6792910000.0,0
2021-02-07,13824.879883,13878.160156,13761.660156,13856.299805,13856.299805,6792910000.0,0
2021-02-08,13937.05957,13987.740234,13894.150391,13987.639648,13987.639648,8564530000.0,1
2021-02-09,13966.820313,14044.950195,13966.549805,14007.700195,14007.700195,8766770000.0,1
2021-02-10,14093.349609,14109.120117,13845.469727,13972.530273,13972.530273,10785930000.0,1
2021-02-11,14045.209961,14058.910156,13916.849609,14025.769531,14025.769531,10916780000.0,1
2021-02-12,13979.209961,14102.040039,13937.709961,14095.469727,14095.469727,7416940000.0,1
2021-02-13,13979.209961,14102.040039,13937.709961,14095.469727,14095.469727,7416940000.0,0
2021-02-14,13979.209961,14102.040039,13937.709961,14095.469727,14095.469727,7416940000.0,0
2021-02-15,13979.209961,14102.040039,13937.709961,14095.469727,14095.469727,7416940000.0,0
2021-02-16,14152.209961,14175.120117,13995.450195,14047.5,14047.5,7722100000.0,1
2021-02-17,13911.650391,13976.429688,13804.259766,13965.490234,13965.490234,7280500000.0,1
2021-02-18,13814.669922,13905.959961,13714.349609,13865.360352,13865.360352,6499420000.0,1
2021-02-19,13929.200195,13985.580078,13842.599609,13874.459961,13874.459961,6737820000.0,1
2021-02-20,13929.200195,13985.580078,13842.599609,13874.459961,13874.459961,6737820000.0,0
2021-02-21,13929.200195,13985.580078,13842.599609,13874.459961,13874.459961,6737820000.0,0
2021-02-22,13714.200195,13757.05957,13530.959961,13533.049805,13533.049805,6483740000.0,1
2021-02-23,13262.610352,13526.089844,13003.980469,13465.200195,13465.200195,7516510000.0,1
2021-02-24,13400.25,13607.360352,13286.589844,13597.969727,13597.969727,5886230000.0,1
2021-02-25,13512.639648,13602.860352,13066.379883,13119.429688,13119.429688,6390380000.0,1
2021-02-26,13232.900391,13368.05957,13024.530273,13192.349609,13192.349609,5906110000.0,1
2021-02-27,13232.900391,13368.05957,13024.530273,13192.349609,13192.349609,5906110000.0,0
2021-02-28,13232.900391,13368.05957,13024.530273,13192.349609,13192.349609,5906110000.0,0
2021-03-01,13406.160156,13596.589844,13362.660156,13588.830078,13588.830078,5079530000.0,1
2021-03-02,13599.450195,13601.330078,13352.0,13358.790039,13358.790039,4948140000.0,1
2021-03-03,13336.25,13372.519531,12995.070313,12997.75,12997.75,5529980000.0,1
2021-03-04,12953.990234,13068.709961,12553.959961,12723.469727,12723.469727,7864380000.0,1
2021-03-05,12860.040039,12941.209961,12397.049805,12920.150391,12920.150391,7725200000.0,1
2021-03-06,12860.040039,12941.209961,12397.049805,12920.150391,12920.150391,7725200000.0,0
2021-03-07,12860.040039,12941.209961,12397.049805,12920.150391,12920.150391,7725200000.0,0
2021-03-08,12904.259766,13001.0,12599.230469,12609.160156,12609.160156,6010230000.0,1
2021-03-09,12923.070313,13151.540039,12882.490234,13073.820313,13073.820313,6345560000.0,1
2021-03-10,13234.730469,13277.110352,13035.44043,13068.830078,13068.830078,6023880000.0,1
2021-03-11,13273.30957,13433.620117,13246.330078,13398.669922,13398.669922,6008850000.0,1
2021-03-12,13222.80957,13324.69043,13158.719727,13319.860352,13319.860352,5497210000.0,1
2021-03-13,13222.80957,13324.69043,13158.719727,13319.860352,13319.860352,5497210000.0,0
2021-03-14,13222.80957,13324.69043,13158.719727,13319.860352,13319.860352,5497210000.0,0
2021-03-15,13323.469727,13460.349609,13272.5,13459.709961,13459.709961,5972370000.0,1
2021-03-16,13523.169922,13620.709961,13397.080078,13471.570313,13471.570313,5493890000.0,1
2021-03-17,13336.910156,13595.0,13272.69043,13525.200195,13525.200195,5536110000.0,1
2021-03-18,13349.200195,13384.459961,13101.919922,13116.169922,13116.169922,5739720000.0,1
2021-03-19,13119.900391,13252.370117,13039.450195,13215.240234,13215.240234,7630590000.0,1
2021-03-20,13119.900391,13252.370117,13039.450195,13215.240234,13215.240234,7630590000.0,0
2021-03-21,13119.900391,13252.370117,13039.450195,13215.240234,13215.240234,7630590000.0,0
2021-03-22,13278.780273,13455.639648,13278.780273,13377.540039,13377.540039,5321760000.0,1
2021-03-23,13381.429688,13405.150391,13202.429688,13227.700195,13227.700195,5675010000.0,1
2021-03-24,13289.240234,13292.919922,12961.349609,12961.889648,12961.889648,6248650000.0,1
2021-03-25,12844.580078,13021.860352,12786.80957,12977.679688,12977.679688,5634290000.0,1
2021-03-26,12996.030273,13149.549805,12878.719727,13138.730469,13138.730469,5224360000.0,1
2021-03-27,12996.030273,13149.549805,12878.719727,13138.730469,13138.730469,5224360000.0,0
2021-03-28,12996.030273,13149.549805,12878.719727,13138.730469,13138.730469,5224360000.0,0
2021-03-29,13103.969727,13143.410156,12968.160156,13059.650391,13059.650391,4965090000.0,1
2021-03-30,13008.799805,13075.75,12922.570313,13045.389648,13045.389648,4721950000.0,1
2021-03-31,13122.570313,13325.540039,13118.379883,13246.870117,13246.870117,5004720000.0,1
2021-04-01,13414.320313,13487.080078,13404.179688,13480.110352,13480.110352,4576480000.0,1
2021-04-02,13414.320313,13487.080078,13404.179688,13480.110352,13480.110352,4576480000.0,0
2021-04-03,13414.320313,13487.080078,13404.179688,13480.110352,13480.110352,4576480000.0,0
2021-04-04,13414.320313,13487.080078,13404.179688,13480.110352,13480.110352,4576480000.0,0
2021-04-05,13594.900391,13720.580078,13582.759766,13705.589844,13705.589844,4459000000.0,1
2021-04-06,13681.669922,13776.709961,13674.280273,13698.379883,13698.379883,4073710000.0,1
2021-04-07,13675.299805,13733.030273,13653.589844,13688.839844,13688.839844,4098740000.0,1
2021-04-08,13796.889648,13830.139648,13758.709961,13829.30957,13829.30957,4153600000.0,1
2021-04-09,13787.019531,13905.410156,13748.349609,13900.19043,13900.19043,3926110000.0,1
2021-04-10,13787.019531,13905.410156,13748.349609,13900.19043,13900.19043,3926110000.0,0
2021-04-11,13787.019531,13905.410156,13748.349609,13900.19043,13900.19043,3926110000.0,0
2021-04-12,13854.44043,13877.0,13783.950195,13850.0,13850.0,4250900000.0,1
2021-04-13,13902.450195,14011.509766,13902.450195,13996.099609,13996.099609,4219360000.0,1
2021-04-14,14004.080078,14033.629883,13839.040039,13857.839844,13857.839844,4120770000.0,1
2021-04-15,13983.230469,14049.129883,13970.419922,14038.759766,14038.759766,4406880000.0,1
2021-04-16,14059.110352,14062.5,13977.049805,14052.339844,14052.339844,4427780000.0,1
2021-04-17,14059.110352,14062.5,13977.049805,14052.339844,14052.339844,4427780000.0,0
2021-04-18,14059.110352,14062.5,13977.049805,14052.339844,14052.339844,4427780000.0,0
2021-04-19,13984.580078,14041.790039,13842.570313,13914.769531,13914.769531,4379610000.0,1
2021-04-20,13894.459961,13927.669922,13698.669922,13786.269531,13786.269531,4245120000.0,1
2021-04-21,13745.769531,13951.349609,13706.860352,13950.219727,13950.219727,3999620000.0,1
2021-04-22,13952.570313,14015.870117,13771.040039,13818.410156,13818.410156,4420820000.0,1
2021-04-23,13861.370117,14062.740234,13856.830078,14016.80957,14016.80957,4355100000.0,1
2021-04-24,13861.370117,14062.740234,13856.830078,14016.80957,14016.80957,4355100000.0,0
2021-04-25,13861.370117,14062.740234,13856.830078,14016.80957,14016.80957,4355100000.0,0
2021-04-26,14052.379883,14154.030273,14019.5,14138.780273,14138.780273,4506210000.0,1
2021-04-27,14170.910156,14171.240234,14064.280273,14090.219727,14090.219727,4691460000.0,1
2021-04-28,14082.780273,14133.650391,14034.700195,14051.030273,14051.030273,4559710000.0,1
2021-04-29,14204.509766,14211.570313,13952.799805,14082.549805,14082.549805,4928030000.0,1
2021-04-30,13970.730469,14084.759766,13941.629883,13962.679688,13962.679688,4792460000.0,1
2021-05-01,13970.730469,14084.759766,13941.629883,13962.679688,13962.679688,4792460000.0,0
2021-05-02,13970.730469,14084.759766,13941.629883,13962.679688,13962.679688,4792460000.0,0
2021-05-03,14031.769531,14042.120117,13881.509766,13895.120117,13895.120117,4761430000.0,1
2021-05-04,13774.509766,13795.570313,13485.589844,13633.5,13633.5,5879730000.0,1
2021-05-05,13731.129883,13753.049805,13553.929688,13582.419922,13582.419922,4535690000.0,1
2021-05-06,13557.830078,13635.730469,13439.389648,13632.839844,13632.839844,5021400000.0,1
2021-05-07,13723.089844,13828.620117,13690.75,13752.240234,13752.240234,4391100000.0,1
2021-05-08,13723.089844,13828.620117,13690.75,13752.240234,13752.240234,4391100000.0,0
2021-05-09,13723.089844,13828.620117,13690.75,13752.240234,13752.240234,4391100000.0,0
2021-05-10,13687.589844,13687.929688,13401.740234,13401.860352,13401.860352,4818670000.0,1
2021-05-11,13115.849609,13423.30957,13107.669922,13389.429688,13389.429688,4738390000.0,1
2021-05-12,13215.490234,13288.610352,13002.540039,13031.679688,13031.679688,4752930000.0,1
2021-05-13,13150.94043,13247.870117,13007.240234,13124.990234,13124.990234,4698110000.0,1
2021-05-14,13255.650391,13460.879883,13242.969727,13429.980469,13429.980469,4022610000.0,1
2021-05-15,13255.650391,13460.879883,13242.969727,13429.980469,13429.980469,4022610000.0,0
2021-05-16,13255.650391,13460.879883,13242.969727,13429.980469,13429.980469,4022610000.0,0
2021-05-17,13368.799805,13399.169922,13265.400391,13379.049805,13379.049805,3997780000.0,1
2021-05-18,13416.900391,13485.339844,13299.929688,13303.639648,13303.639648,4301300000.0,1
2021-05-19,13078.19043,13304.610352,13072.230469,13299.740234,13299.740234,4333520000.0,1
2021-05-20,13356.629883,13563.519531,13355.709961,13535.740234,13535.740234,3990760000.0,1
2021-05-21,13616.19043,13616.580078,13463.259766,13470.990234,13470.990234,3733940000.0,1
2021-05-22,13616.19043,13616.580078,13463.259766,13470.990234,13470.990234,3733940000.0,0
2021-05-23,13616.19043,13616.580078,13463.259766,13470.990234,13470.990234,3733940000.0,0
2021-05-24,13557.209961,13708.849609,13551.009766,13661.169922,13661.169922,3509470000.0,1
2021-05-25,13721.540039,13751.139648,13631.799805,13657.169922,13657.169922,4128990000.0,1
2021-05-26,13693.94043,13750.160156,13679.589844,13738.0,13738.0,4264500000.0,1
2021-05-27,13742.589844,13776.519531,13701.629883,13736.280273,13736.280273,5087180000.0,1
2021-05-28,13792.049805,13820.870117,13747.610352,13748.740234,13748.740234,4447940000.0,1
2021-05-29,13792.049805,13820.870117,13747.610352,13748.740234,13748.740234,4447940000.0,0
2021-05-30,13792.049805,13820.870117,13747.610352,13748.740234,13748.740234,4447940000.0,0
2021-05-31,13792.049805,13820.870117,13747.610352,13748.740234,13748.740234,4447940000.0,0
2021-06-01,13829.05957,13836.169922,13678.769531,13736.480469,13736.480469,4186280000.0,1
2021-06-02,13743.240234,13775.889648,13689.740234,13756.330078,13756.330078,5097630000.0,1
2021-06-03,13655.75,13684.129883,13548.929688,13614.509766,13614.509766,5396250000.0,1
2021-06-04,13697.25,13826.820313,13692.009766,13814.490234,13814.490234,4360710000.0,1
2021-06-05,13697.25,13826.820313,13692.009766,13814.490234,13814.490234,4360710000.0,0
2021-06-06,13697.25,13826.820313,13692.009766,13814.490234,13814.490234,4360710000.0,0
2021-06-07,13802.820313,13889.110352,13784.889648,13881.719727,13881.719727,4639210000.0,1
2021-06-08,13946.320313,13981.719727,13831.980469,13924.910156,13924.910156,5958410000.0,1
2021-06-09,13980.230469,14003.5,13906.450195,13911.75,13911.75,5640490000.0,1
2021-06-10,13933.879883,14031.19043,13904.400391,14020.330078,14020.330078,4919880000.0,1
2021-06-11,14030.849609,14069.419922,14006.589844,14069.419922,14069.419922,4157580000.0,1
2021-06-12,14030.849609,14069.419922,14006.589844,14069.419922,14069.419922,4157580000.0,0
2021-06-13,14030.849609,14069.419922,14006.589844,14069.419922,14069.419922,4157580000.0,0
2021-06-14,14083.469727,14175.450195,14056.669922,14174.139648,14174.139648,4415160000.0,1
2021-06-15,14166.639648,14171.019531,14052.160156,14072.860352,14072.860352,4554580000.0,1
2021-06-16,14085.549805,14129.69043,13903.730469,14039.679688,14039.679688,4683030000.0,1
2021-06-17,13999.129883,14196.209961,13998.929688,14161.349609,14161.349609,4558280000.0,1
2021-06-18,14096.929688,14129.219727,14009.040039,14030.379883,14030.379883,6126070000.0,1
2021-06-19,14096.929688,14129.219727,14009.040039,14030.379883,14030.379883,6126070000.0,0
2021-06-20,14096.929688,14129.219727,14009.040039,14030.379883,14030.379883,6126070000.0,0
2021-06-21,14047.419922,14150.780273,13960.040039,14141.480469,14141.480469,4562010000.0,1
2021-06-22,14138.290039,14269.769531,14121.0,14253.269531,14253.269531,4433140000.0,1
2021-06-23,14263.379883,14317.660156,14246.299805,14271.730469,14271.730469,4417470000.0,1
2021-06-24,14357.269531,14414.459961,14333.700195,14369.709961,14369.709961,4324620000.0,1
2021-06-25,14400.80957,14409.080078,14337.650391,14360.389648,14360.389648,7468090000.0,1
2021-06-26,14400.80957,14409.080078,14337.650391,14360.389648,14360.389648,7468090000.0,0
2021-06-27,14400.80957,14409.080078,14337.650391,14360.389648,14360.389648,7468090000.0,0
2021-06-28,14417.80957,14505.19043,14417.200195,14500.509766,14500.509766,4283000000.0,1
2021-06-29,14509.19043,14535.969727,14471.379883,14528.330078,14528.330078,4901300000.0,1
2021-06-30,14509.849609,14526.80957,14478.05957,14503.950195,14503.950195,5293810000.0,1
2021-07-01,14493.69043,14533.549805,14439.400391,14522.379883,14522.379883,4410470000.0,1
2021-07-02,14582.980469,14649.110352,14555.339844,14639.330078,14639.330078,3751420000.0,1
2021-07-03,14582.980469,14649.110352,14555.339844,14639.330078,14639.330078,3751420000.0,0
2021-07-04,14582.980469,14649.110352,14555.339844,14639.330078,14639.330078,3751420000.0,0
2021-07-05,14582.980469,14649.110352,14555.339844,14639.330078,14639.330078,3751420000.0,0
2021-07-06,14661.549805,14687.0,14529.799805,14663.639648,14663.639648,4489540000.0,1
2021-07-07,14753.410156,14755.330078,14580.790039,14665.05957,14665.05957,4605630000.0,1
2021-07-08,14409.200195,14610.05957,14371.589844,14559.780273,14559.780273,4575010000.0,1
2021-07-09,14578.429688,14710.200195,14552.259766,14701.919922,14701.919922,3826500000.0,1
2021-07-10,14578.429688,14710.200195,14552.259766,14701.919922,14701.919922,3826500000.0,0
2021-07-11,14578.429688,14710.200195,14552.259766,14701.919922,14701.919922,3826500000.0,0
2021-07-12,14743.860352,14761.080078,14672.629883,14733.240234,14733.240234,3897090000.0,1
2021-07-13,14715.129883,14803.679688,14660.19043,14677.650391,14677.650391,4583460000.0,1
2021-07-14,14780.900391,14790.549805,14632.950195,14644.950195,14644.950195,4496220000.0,1
2021-07-15,14635.780273,14650.370117,14451.799805,14543.129883,14543.129883,4512550000.0,1
2021-07-16,14597.509766,14623.019531,14413.320313,14427.240234,14427.240234,4069530000.0,1
2021-07-17,14597.509766,14623.019531,14413.320313,14427.240234,14427.240234,4069530000.0,0
2021-07-18,14597.509766,14623.019531,14413.320313,14427.240234,14427.240234,4069530000.0,0
2021-07-19,14235.980469,14313.599609,14178.660156,14274.980469,14274.980469,4537130000.0,1
2021-07-20,14330.459961,14555.75,14271.230469,14498.879883,14498.879883,4652450000.0,1
2021-07-21,14508.75,14633.139648,14498.650391,14631.950195,14631.950195,4098520000.0,1
2021-07-22,14652.719727,14694.19043,14617.870117,14684.599609,14684.599609,3597540000.0,1
2021-07-23,14753.05957,14846.05957,14698.769531,14836.990234,14836.990234,3997250000.0,1
2021-07-24,14753.05957,14846.05957,14698.769531,14836.990234,14836.990234,3997250000.0,0
2021-07-25,14753.05957,14846.05957,14698.769531,14836.990234,14836.990234,3997250000.0,0
2021-07-26,14821.030273,14863.650391,14790.490234,14840.709961,14840.709961,4437090000.0,1
2021-07-27,14807.950195,14811.080078,14503.759766,14660.580078,14660.580078,4329230000.0,1
2021-07-28,14715.660156,14798.879883,14645.629883,14762.580078,14762.580078,4268210000.0,1
2021-07-29,14771.169922,14833.740234,14761.379883,14778.259766,14778.259766,3928640000.0,1
2021-07-30,14615.849609,14728.780273,14615.849609,14672.679688,14672.679688,3645050000.0,1
2021-07-31,14615.849609,14728.780273,14615.849609,14672.679688,14672.679688,3645050000.0,0
2021-08-01,14615.849609,14728.780273,14615.849609,14672.679688,14672.679688,3645050000.0,0
2021-08-02,14758.599609,14770.410156,14665.669922,14681.070313,14681.070313,3746130000.0,1
2021-08-03,14713.990234,14762.599609,14584.089844,14761.290039,14761.290039,4141370000.0,1
2021-08-04,14747.209961,14812.370117,14734.120117,14780.530273,14780.530273,4337330000.0,1
2021-08-05,14794.080078,14896.469727,14776.030273,14895.120117,14895.120117,4107300000.0,1
2021-08-06,14864.219727,14890.179688,14788.589844,14835.759766,14835.759766,4173090000.0,1
2021-08-07,14864.219727,14890.179688,14788.589844,14835.759766,14835.759766,4173090000.0,0
2021-08-08,14864.219727,14890.179688,14788.589844,14835.759766,14835.759766,4173090000.0,0
2021-08-09,14855.759766,14883.80957,14802.69043,14860.179688,14860.179688,4111640000.0,1
2021-08-10,14887.75,14894.610352,14754.480469,14788.089844,14788.089844,3991770000.0,1
2021-08-11,14834.379883,14842.5,14692.410156,14765.139648,14765.139648,4002340000.0,1
2021-08-12,14751.360352,14824.30957,14698.94043,14816.259766,14816.259766,4049000000.0,1
2021-08-13,14825.070313,14850.610352,14797.219727,14822.900391,14822.900391,4061070000.0,1
2021-08-14,14825.070313,14850.610352,14797.219727,14822.900391,14822.900391,4061070000.0,0
2021-08-15,14825.070313,14850.610352,14797.219727,14822.900391,14822.900391,4061070000.0,0
2021-08-16,14771.530273,14794.679688,14610.019531,14793.759766,14793.759766,3973920000.0,1
2021-08-17,14670.55957,14716.950195,14550.879883,14656.179688,14656.179688,4168880000.0,1
2021-08-18,14636.240234,14697.25,14516.299805,14525.910156,14525.910156,3841840000.0,1
2021-08-19,14423.160156,14610.759766,14423.160156,14541.790039,14541.790039,4191490000.0,1
2021-08-20,14571.530273,14722.160156,14571.530273,14714.660156,14714.660156,3886340000.0,1
2021-08-21,14571.530273,14722.160156,14571.530273,14714.660156,14714.660156,3886340000.0,0
2021-08-22,14571.530273,14722.160156,14571.530273,14714.660156,14714.660156,3886340000.0,0
2021-08-23,14776.980469,14963.469727,14776.980469,14942.650391,14942.650391,3906780000.0,1
2021-08-24,14978.139648,15034.889648,14965.540039,15019.799805,15019.799805,3809750000.0,1
2021-08-25,15039.030273,15059.429688,15011.580078,15041.860352,15041.860352,3654150000.0,1
2021-08-26,15025.169922,15059.629883,14939.55957,14945.80957,14945.80957,3630900000.0,1
2021-08-27,14969.769531,15144.480469,14966.519531,15129.5,15129.5,4048610000.0,1
2021-08-28,14969.769531,15144.480469,14966.519531,15129.5,15129.5,4048610000.0,0
2021-08-29,14969.769531,15144.480469,14966.519531,15129.5,15129.5,4048610000.0,0
2021-08-30,15165.94043,15288.080078,15165.120117,15265.889648,15265.889648,4061760000.0,1
2021-08-31,15262.879883,15278.959961,15202.669922,15259.240234,15259.240234,4188020000.0,1
2021-09-01,15308.980469,15379.5,15302.110352,15309.379883,15309.379883,4271690000.0,1
2021-09-02,15358.469727,15380.070313,15285.349609,15331.179688,15331.179688,4050510000.0,1
2021-09-03,15313.410156,15375.55957,15283.669922,15363.519531,15363.519531,3706990000.0,1
2021-09-04,15313.410156,15375.55957,15283.669922,15363.519531,15363.519531,3706990000.0,0
2021-09-05,15313.410156,15375.55957,15283.669922,15363.519531,15363.519531,3706990000.0,0
2021-09-06,15313.410156,15375.55957,15283.669922,15363.519531,15363.519531,3706990000.0,0
2021-09-07,15375.980469,15403.44043,15343.280273,15374.330078,15374.330078,4014250000.0,1
2021-09-08,15360.349609,15360.349609,15206.610352,15286.639648,15286.639648,4131560000.0,1
2021-09-09,15296.05957,15352.379883,15245.169922,15248.25,15248.25,4031140000.0,1
2021-09-10,15332.919922,15349.469727,15111.30957,15115.490234,15115.490234,4587150000.0,1
2021-09-11,15332.919922,15349.469727,15111.30957,15115.490234,15115.490234,4587150000.0,0
2021-09-12,15332.919922,15349.469727,15111.30957,15115.490234,15115.490234,4587150000.0,0
2021-09-13,15211.429688,15215.44043,15030.849609,15105.580078,15105.580078,4723370000.0,1
2021-09-14,15168.450195,15181.19043,15008.299805,15037.759766,15037.759766,4593140000.0,1
2021-09-15,15071.339844,15174.379883,14984.679688,15161.530273,15161.530273,4465140000.0,1
2021-09-16,15120.089844,15205.5,15047.139648,15181.919922,15181.919922,3701500000.0,1
2021-09-17,15163.360352,15166.55957,14998.730469,15043.969727,15043.969727,6709540000.0,1
2021-09-18,15163.360352,15166.55957,14998.730469,15043.969727,15043.969727,6709540000.0,0
2021-09-19,15163.360352,15166.55957,14998.730469,15043.969727,15043.969727,6709540000.0,0
2021-09-20,14758.139648,14841.820313,14530.070313,14713.900391,14713.900391,4879490000.0,1
2021-09-21,14803.360352,14847.030273,14696.469727,14746.400391,14746.400391,4083010000.0,1
2021-09-22,14800.589844,14950.120117,14767.009766,14896.849609,14896.849609,4252490000.0,1
2021-09-23,14960.0,15085.44043,14932.509766,15052.240234,15052.240234,4196130000.0,1
2021-09-24,14961.610352,15067.55957,14946.570313,15047.700195,15047.700195,3992150000.0,1
2021-09-25,14961.610352,15067.55957,14946.570313,15047.700195,15047.700195,3992150000.0,0
2021-09-26,14961.610352,15067.55957,14946.570313,15047.700195,15047.700195,3992150000.0,0
2021-09-27,14954.179688,15003.160156,14864.959961,14969.969727,14969.969727,4650790000.0,1
2021-09-28,14787.209961,14817.740234,14539.879883,14546.679688,14546.679688,4989510000.0,1
2021-09-29,14614.879883,14676.620117,14493.669922,14512.44043,14512.44043,5294600000.0,1
2021-09-30,14582.599609,14632.360352,14444.299805,14448.580078,14448.580078,5950950000.0,1
2021-10-01,14494.929688,14606.820313,14324.009766,14566.700195,14566.700195,4710720000.0,1
2021-10-02,14494.929688,14606.820313,14324.009766,14566.700195,14566.700195,4710720000.0,0
2021-10-03,14494.929688,14606.820313,14324.009766,14566.700195,14566.700195,4710720000.0,0
2021-10-04,14493.120117,14499.740234,14181.69043,14255.480469,14255.480469,4557110000.0,1
2021-10-05,14312.860352,14508.650391,14299.780273,14433.830078,14433.830078,4176390000.0,1
2021-10-06,14289.450195,14509.549805,14259.070313,14501.910156,14501.910156,4465910000.0,1
2021-10-07,14631.799805,14755.719727,14615.139648,14654.019531,14654.019531,3984180000.0,1
2021-10-08,14694.719727,14699.910156,14569.679688,14579.540039,14579.540039,3571380000.0,1
2021-10-09,14694.719727,14699.910156,14569.679688,14579.540039,14579.540039,3571380000.0,0
2021-10-10,14694.719727,14699.910156,14569.679688,14579.540039,14579.540039,3571380000.0,0
2021-10-11,14540.080078,14665.990234,14482.620117,14486.200195,14486.200195,3539540000.0,1
2021-10-12,14539.089844,14552.709961,14441.599609,14465.919922,14465.919922,4063830000.0,1
2021-10-13,14537.169922,14589.280273,14471.879883,14571.639648,14571.639648,4053580000.0,1
2021-10-14,14717.5,14827.55957,14699.519531,14823.429688,14823.429688,4262400000.0,1
2021-10-15,14891.240234,14904.980469,14847.959961,14897.339844,14897.339844,4494440000.0,1
2021-10-16,14891.240234,14904.980469,14847.959961,14897.339844,14897.339844,4494440000.0,0
2021-10-17,14891.240234,14904.980469,14847.959961,14897.339844,14897.339844,4494440000.0,0
2021-10-18,14839.740234,15026.679688,14833.280273,15021.80957,15021.80957,4167740000.0,1
2021-10-19,15073.129883,15137.849609,15049.730469,15129.089844,15129.089844,4483400000.0,1
2021-10-20,15160.0,15178.389648,15071.150391,15121.679688,15121.679688,4117050000.0,1
2021-10-21,15104.799805,15222.25,15094.139648,15215.700195,15215.700195,4961860000.0,1
2021-10-22,15158.070313,15193.009766,15021.019531,15090.200195,15090.200195,5775770000.0,1
2021-10-23,15158.070313,15193.009766,15021.019531,15090.200195,15090.200195,5775770000.0,0
2021-10-24,15158.070313,15193.009766,15021.019531,15090.200195,15090.200195,5775770000.0,0
2021-10-25,15142.919922,15259.629883,15070.75,15226.709961,15226.709961,5750200000.0,1
2021-10-26,15317.5,15384.0,15198.230469,15235.709961,15235.709961,7173230000.0,1
2021-10-27,15276.0,15364.540039,15235.839844,15235.839844,15235.839844,6130110000.0,1
2021-10-28,15304.740234,15452.299805,15290.30957,15448.120117,15448.120117,5714890000.0,1
2021-10-29,15323.290039,15504.120117,15323.290039,15498.389648,15498.389648,5338290000.0,1
2021-10-30,15323.290039,15504.120117,15323.290039,15498.389648,15498.389648,5338290000.0,0
2021-10-31,15323.290039,15504.120117,15323.290039,15498.389648,15498.389648,5338290000.0,0
2021-11-01,15541.259766,15598.950195,15470.820313,15595.919922,15595.919922,5273950000.0,1
2021-11-02,15583.980469,15656.599609,15569.269531,15649.599609,15649.599609,5129370000.0,1
2021-11-03,15658.519531,15821.570313,15616.44043,15811.580078,15811.580078,5325110000.0,1
2021-11-04,15849.740234,15966.089844,15827.660156,15940.30957,15940.30957,5297250000.0,1
2021-11-05,16003.55957,16053.389648,15900.780273,15971.589844,15971.589844,5566400000.0,1
2021-11-06,16003.55957,16053.389648,15900.780273,15971.589844,15971.589844,5566400000.0,0
2021-11-07,16003.55957,16053.389648,15900.780273,15971.589844,15971.589844,5566400000.0,0
2021-11-08,15995.719727,16038.230469,15961.80957,15982.360352,15982.360352,5723650000.0,1
2021-11-09,16024.129883,16035.209961,15836.679688,15886.540039,15886.540039,5574660000.0,1
2021-11-10,15753.839844,15867.240234,15543.679688,15622.709961,15622.709961,5369110000.0,1
2021-11-11,15752.080078,15768.030273,15695.769531,15704.280273,15704.280273,4570460000.0,1
2021-11-12,15752.620117,15874.570313,15705.379883,15860.959961,15860.959961,5446540000.0,1
2021-11-13,15752.620117,15874.570313,15705.379883,15860.959961,15860.959961,5446540000.0,0
2021-11-14,15752.620117,15874.570313,15705.379883,15860.959961,15860.959961,5446540000.0,0
2021-11-15,15894.820313,15918.450195,15778.30957,15853.849609,15853.849609,5020180000.0,1
2021-11-16,15840.320313,15989.610352,15825.0,15973.860352,15973.860352,5533020000.0,1
2021-11-17,15973.620117,15998.570313,15909.389648,15921.570313,15921.570313,5049320000.0,1
2021-11-18,15973.389648,16010.879883,15848.830078,15993.709961,15993.709961,5391360000.0,1
2021-11-19,16042.160156,16121.120117,16017.230469,16057.44043,16057.44043,4875310000.0,1
2021-11-20,16042.160156,16121.120117,16017.230469,16057.44043,16057.44043,4875310000.0,0
2021-11-21,16042.160156,16121.120117,16017.230469,16057.44043,16057.44043,4875310000.0,0
2021-11-22,16120.919922,16212.230469,15851.040039,15854.759766,15854.759766,5567830000.0,1
2021-11-23,15809.5,15895.860352,15601.459961,15775.139648,15775.139648,5434380000.0,1
2021-11-24,15677.879883,15848.55957,15591.360352,15845.230469,15845.230469,4197090000.0,1
2021-11-25,15677.879883,15848.55957,15591.360352,15845.230469,15845.230469,4197090000.0,0
2021-11-26,15664.379883,15731.540039,15456.089844,15491.660156,15491.660156,3502170000.0,1
2021-11-27,15664.379883,15731.540039,15456.089844,15491.660156,15491.660156,3502170000.0,0
2021-11-28,15664.379883,15731.540039,15456.089844,15491.660156,15491.660156,3502170000.0,0
2021-11-29,15719.419922,15833.110352,15644.610352,15782.830078,15782.830078,4836230000.0,1
2021-11-30,15716.5,15828.200195,15451.389648,15537.69043,15537.69043,6631470000.0,1
2021-12-01,15752.269531,15816.820313,15243.929688,15254.049805,15254.049805,6320260000.0,1
2021-12-02,15181.820313,15444.540039,15150.120117,15381.320313,15381.320313,5418340000.0,1
2021-12-03,15428.709961,15470.360352,14931.05957,15085.469727,15085.469727,5900290000.0,1
2021-12-04,15428.709961,15470.360352,14931.05957,15085.469727,15085.469727,5900290000.0,0
2021-12-05,15428.709961,15470.360352,14931.05957,15085.469727,15085.469727,5900290000.0,0
2021-12-06,15117.629883,15281.990234,14931.610352,15225.150391,15225.150391,5115230000.0,1
2021-12-07,15510.910156,15720.089844,15507.660156,15686.919922,15686.919922,5116490000.0,1
2021-12-08,15690.650391,15792.639648,15618.879883,15786.990234,15786.990234,4615390000.0,1
2021-12-09,15720.540039,15796.049805,15511.120117,15517.370117,15517.370117,4515600000.0,1
2021-12-10,15629.589844,15677.599609,15477.849609,15630.599609,15630.599609,4426210000.0,1
2021-12-11,15629.589844,15677.599609,15477.849609,15630.599609,15630.599609,4426210000.0,0
2021-12-12,15629.589844,15677.599609,15477.849609,15630.599609,15630.599609,4426210000.0,0
2021-12-13,15621.269531,15637.05957,15408.25,15413.280273,15413.280273,4573920000.0,1
2021-12-14,15215.959961,15317.549805,15097.349609,15237.639648,15237.639648,4865990000.0,1
2021-12-15,15230.709961,15575.759766,15055.230469,15565.580078,15565.580078,5343920000.0,1
2021-12-16,15629.080078,15633.19043,15119.490234,15180.429688,15180.429688,4906480000.0,1
2021-12-17,15036.769531,15288.780273,14960.370117,15169.679688,15169.679688,7668770000.0,1
2021-12-18,15036.769531,15288.780273,14960.370117,15169.679688,15169.679688,7668770000.0,0
2021-12-19,15036.769531,15288.780273,14960.370117,15169.679688,15169.679688,7668770000.0,0
2021-12-20,14933.0,15007.299805,14860.040039,14980.94043,14980.94043,4602640000.0,1
2021-12-21,15140.429688,15349.05957,15015.030273,15341.089844,15341.089844,4581720000.0,1
2021-12-22,15319.160156,15525.969727,15303.05957,15521.889648,15521.889648,4107900000.0,1
2021-12-23,15544.790039,15697.980469,15528.910156,15653.370117,15653.370117,3935010000.0,1
2021-12-24,15544.790039,15697.980469,15528.910156,15653.370117,15653.370117,3935010000.0,0
2021-12-25,15544.790039,15697.980469,15528.910156,15653.370117,15653.370117,3935010000.0,0
2021-12-26,15544.790039,15697.980469,15528.910156,15653.370117,15653.370117,3935010000.0,0
2021-12-27,15696.830078,15871.400391,15696.830078,15871.259766,15871.259766,3743920000.0,1
2021-12-28,15895.200195,15901.469727,15757.070313,15781.719727,15781.719727,3648500000.0,1
2021-12-29,15794.919922,15821.80957,15679.849609,15766.219727,15766.219727,3714380000.0,1
2021-12-30,15758.980469,15868.089844,15729.160156,15741.55957,15741.55957,3750920000.0,1
2021-12-31,15722.910156,15777.429688,15643.94043,15644.969727,15644.969727,3392580000.0,1
2022-01-01,15722.910156,15777.429688,15643.94043,15644.969727,15644.969727,3392580000.0,0
2022-01-02,15722.910156,15777.429688,15643.94043,15644.969727,15644.969727,3392580000.0,0
2022-01-03,15732.5,15832.799805,15644.089844,15832.799805,15832.799805,4429960000.0,1
2022-01-04,15852.139648,15852.139648,15512.410156,15622.719727,15622.719727,5131110000.0,1
2022-01-05,15547.160156,15586.299805,15095.179688,15100.169922,15100.169922,5031850000.0,1
2022-01-06,15024.150391,15198.450195,14914.870117,15080.860352,15080.860352,4790820000.0,1
2022-01-07,15095.719727,15171.019531,14877.629883,14935.900391,14935.900391,4238070000.0,1
2022-01-08,15095.719727,15171.019531,14877.629883,14935.900391,14935.900391,4238070000.0,0
2022-01-09,15095.719727,15171.019531,14877.629883,14935.900391,14935.900391,4238070000.0,0
2022-01-10,14751.780273,14953.849609,14530.230469,14942.830078,14942.830078,5317180000.0,1
2022-01-11,14919.259766,15158.709961,14837.629883,15153.450195,15153.450195,4390710000.0,1
2022-01-12,15263.099609,15319.030273,15117.290039,15188.389648,15188.389648,4338530000.0,1
2022-01-13,15245.040039,15259.709961,14782.240234,14806.80957,14806.80957,4302020000.0,1
2022-01-14,14708.019531,14897.679688,14689.429688,14893.75,14893.75,4374020000.0,1
2022-01-15,14708.019531,14897.679688,14689.429688,14893.75,14893.75,4374020000.0,0
2022-01-16,14708.019531,14897.679688,14689.429688,14893.75,14893.75,4374020000.0,0
2022-01-17,14708.019531,14897.679688,14689.429688,14893.75,14893.75,4374020000.0,0
2022-01-18,14681.830078,14740.540039,14482.94043,14506.900391,14506.900391,5060790000.0,1
2022-01-19,14582.219727,14658.889648,14331.650391,14340.259766,14340.259766,4665340000.0,1
2022-01-20,14462.849609,14642.030273,14140.780273,14154.019531,14154.019531,5102050000.0,1
2022-01-21,14046.219727,14171.719727,13764.240234,13768.919922,13768.919922,5870830000.0,1
2022-01-22,14046.219727,14171.719727,13764.240234,13768.919922,13768.919922,5870830000.0,0
2022-01-23,14046.219727,14171.719727,13764.240234,13768.919922,13768.919922,5870830000.0,0
2022-01-24,13481.5,13876.610352,13094.650391,13855.129883,13855.129883,6998770000.0,1
2022-01-25,13610.870117,13781.620117,13414.139648,13539.290039,13539.290039,5019380000.0,1
2022-01-26,13871.769531,14002.650391,13392.19043,13542.120117,13542.120117,5771140000.0,1
2022-01-27,13710.990234,13765.910156,13322.660156,13352.780273,13352.780273,5177380000.0,1
2022-01-28,13436.709961,13771.910156,13236.55957,13770.570313,13770.570313,4971930000.0,1
2022-01-29,13436.709961,13771.910156,13236.55957,13770.570313,13770.570313,4971930000.0,0
2022-01-30,13436.709961,13771.910156,13236.55957,13770.570313,13770.570313,4971930000.0,0
2022-01-31,13812.19043,14242.900391,13767.709961,14239.879883,14239.879883,5124940000.0,1
2022-02-01,14277.429688,14358.69043,14070.769531,14346.0,14346.0,4671850000.0,1
2022-02-02,14494.469727,14504.820313,14264.650391,14417.549805,14417.549805,4673140000.0,1
2022-02-03,14045.830078,14207.889648,13851.740234,13878.820313,13878.820313,4326300000.0,1
2022-02-04,13958.480469,14222.759766,13850.389648,14098.009766,14098.009766,4121340000.0,1
2022-02-05,13958.480469,14222.759766,13850.389648,14098.009766,14098.009766,4121340000.0,0
2022-02-06,13958.480469,14222.759766,13850.389648,14098.009766,14098.009766,4121340000.0,0
2022-02-07,14118.790039,14236.30957,13974.099609,14015.669922,14015.669922,4268730000.0,1
2022-02-08,13984.429688,14226.480469,13934.780273,14194.450195,14194.450195,4293770000.0,1
2022-02-09,14368.160156,14490.719727,14330.870117,14490.370117,14490.370117,4729730000.0,1
2022-02-10,14228.679688,14509.55957,14118.200195,14185.639648,14185.639648,5212510000.0,1
2022-02-11,14213.620117,14246.700195,13733.160156,13791.150391,13791.150391,5237320000.0,1
2022-02-12,14213.620117,14246.700195,13733.160156,13791.150391,13791.150391,5237320000.0,0
2022-02-13,14213.620117,14246.700195,13733.160156,13791.150391,13791.150391,5237320000.0,0
2022-02-14,13768.969727,13921.709961,13664.759766,13790.919922,13790.919922,4347350000.0,1
2022-02-15,13997.179688,14142.490234,13976.290039,14139.759766,14139.759766,4416840000.0,1
2022-02-16,14038.919922,14163.730469,13931.990234,14124.089844,14124.089844,4238560000.0,1
2022-02-17,14004.19043,14020.820313,13704.700195,13716.719727,13716.719727,4278370000.0,1
2022-02-18,13735.400391,13762.400391,13465.55957,13548.070313,13548.070313,4501940000.0,1
2022-02-19,13735.400391,13762.400391,13465.55957,13548.070313,13548.070313,4501940000.0,0
2022-02-20,13735.400391,13762.400391,13465.55957,13548.070313,13548.070313,4501940000.0,0
2022-02-21,13735.400391,13762.400391,13465.55957,13548.070313,13548.070313,4501940000.0,0
2022-02-22,13424.360352,13618.719727,13249.650391,13381.519531,13381.519531,4849170000.0,1
2022-02-23,13511.75,13533.780273,13032.169922,13037.490234,13037.490234,4639330000.0,1
2022-02-24,12587.879883,13486.110352,12587.879883,13473.589844,13473.589844,6180200000.0,1
2022-02-25,13485.259766,13696.860352,13358.290039,13694.620117,13694.620117,4628720000.0,1
2022-02-26,13485.259766,13696.860352,13358.290039,13694.620117,13694.620117,4628720000.0,0
2022-02-27,13485.259766,13696.860352,13358.290039,13694.620117,13694.620117,4628720000.0,0
2022-02-28,13570.830078,13810.639648,13549.900391,13751.400391,13751.400391,5928130000.0,1
2022-03-01,13716.700195,13777.040039,13441.320313,13532.459961,13532.459961,6131350000.0,1
2022-03-02,13597.530273,13796.549805,13493.910156,13752.019531,13752.019531,5246390000.0,1
2022-03-03,13837.589844,13837.589844,13472.639648,13537.94043,13537.94043,5092580000.0,1
2022-03-04,13455.230469,13486.709961,13224.980469,13313.44043,13313.44043,5343900000.0,1
2022-03-05,13455.230469,13486.709961,13224.980469,13313.44043,13313.44043,5343900000.0,0
2022-03-06,13455.230469,13486.709961,13224.980469,13313.44043,13313.44043,5343900000.0,0
2022-03-07,13328.360352,13353.280273,12828.019531,12830.959961,12830.959961,6195370000.0,1
2022-03-08,12800.040039,13159.44043,12670.080078,12795.549805,12795.549805,6683960000.0,1
2022-03-09,13113.700195,13301.160156,13039.790039,13255.549805,13255.549805,5396550000.0,1
2022-03-10,13098.349609,13163.5,12946.280273,13129.959961,13129.959961,5071250000.0,1
2022-03-11,13229.769531,13239.349609,12830.370117,12843.80957,12843.80957,5288210000.0,1
2022-03-12,13229.769531,13239.349609,12830.370117,12843.80957,12843.80957,5288210000.0,0
2022-03-13,13229.769531,13239.349609,12830.370117,12843.80957,12843.80957,5288210000.0,0
2022-03-14,12795.120117,12918.009766,12555.349609,12581.219727,12581.219727,5876710000.0,1
2022-03-15,12685.230469,12973.879883,12616.589844,12948.620117,12948.620117,5440100000.0,1
2022-03-16,13119.370117,13440.120117,12992.200195,13436.549805,13436.549805,6552210000.0,1
2022-03-17,13360.719727,13620.799805,13317.139648,13614.780273,13614.780273,5612090000.0,1
2022-03-18,13564.629883,13899.280273,13528.05957,13893.839844,13893.839844,8149290000.0,1
2022-03-19,13564.629883,13899.280273,13528.05957,13893.839844,13893.839844,8149290000.0,0
2022-03-20,13564.629883,13899.280273,13528.05957,13893.839844,13893.839844,8149290000.0,0
2022-03-21,13860.389648,13945.80957,13682.549805,13838.459961,13838.459961,5673940000.0,1
2022-03-22,13866.429688,14141.070313,13857.290039,14108.820313,14108.820313,5445100000.0,1
2022-03-23,13990.349609,14152.139648,13921.650391,13922.599609,13922.599609,5024230000.0,1
2022-03-24,14001.320313,14193.549805,13897.200195,14191.839844,14191.839844,5149520000.0,1
2022-03-25,14194.719727,14218.759766,14010.790039,14169.299805,14169.299805,5585100000.0,1
2022-03-26,14194.719727,14218.759766,14010.790039,14169.299805,14169.299805,5585100000.0,0
2022-03-27,14194.719727,14218.759766,14010.790039,14169.299805,14169.299805,5585100000.0,0
2022-03-28,14177.209961,14356.0,14101.339844,14354.900391,14354.900391,5129500000.0,1
2022-03-29,14500.389648,14646.900391,14419.400391,14619.639648,14619.639648,6060890000.0,1
2022-03-30,14558.589844,14609.25,14383.450195,14442.269531,14442.269531,5479200000.0,1
2022-03-31,14444.780273,14456.740234,14217.719727,14220.519531,14220.519531,5453890000.0,1
2022-04-01,14269.530273,14306.94043,14131.80957,14261.5,14261.5,5002790000.0,1
2022-04-02,14269.530273,14306.94043,14131.80957,14261.5,14261.5,5002790000.0,0
2022-04-03,14269.530273,14306.94043,14131.80957,14261.5,14261.5,5002790000.0,0
2022-04-04,14304.349609,14534.379883,14286.450195,14532.549805,14532.549805,4630100000.0,1
2022-04-05,14490.259766,14500.290039,14169.120117,14204.169922,14204.169922,4727710000.0,1
2022-04-06,14002.580078,14032.839844,13788.900391,13888.820313,13888.820313,5360420000.0,1
2022-04-07,13861.490234,13978.25,13689.230469,13897.299805,13897.299805,4856090000.0,1
2022-04-08,13830.469727,13866.05957,13693.69043,13711.0,13711.0,4574080000.0,1
2022-04-09,13830.469727,13866.05957,13693.69043,13711.0,13711.0,4574080000.0,0
2022-04-10,13830.469727,13866.05957,13693.69043,13711.0,13711.0,4574080000.0,0
2022-04-11,13547.290039,13585.080078,13401.389648,13411.959961,13411.959961,4946680000.0,1
2022-04-12,13584.69043,13685.950195,13317.740234,13371.570313,13371.570313,4991720000.0,1
2022-04-13,13373.120117,13679.429688,13353.660156,13643.589844,13643.589844,4909720000.0,1
2022-04-14,13647.429688,13662.929688,13345.219727,13351.080078,13351.080078,4642240000.0,1
2022-04-15,13647.429688,13662.929688,13345.219727,13351.080078,13351.080078,4642240000.0,0
2022-04-16,13647.429688,13662.929688,13345.219727,13351.080078,13351.080078,4642240000.0,0
2022-04-17,13647.429688,13662.929688,13345.219727,13351.080078,13351.080078,4642240000.0,0
2022-04-18,13319.389648,13414.269531,13222.030273,13332.360352,13332.360352,4365230000.0,1
2022-04-19,13312.44043,13643.969727,13281.219727,13619.660156,13619.660156,4562840000.0,1
2022-04-20,13665.379883,13678.549805,13426.129883,13453.070313,13453.070313,4678930000.0,1
2022-04-21,13623.700195,13710.700195,13140.830078,13174.650391,13174.650391,5233110000.0,1
2022-04-22,13168.799805,13212.599609,12828.019531,12839.290039,12839.290039,4475090000.0,1
2022-04-23,13168.799805,13212.599609,12828.019531,12839.290039,12839.290039,4475090000.0,0
2022-04-24,13168.799805,13212.599609,12828.019531,12839.290039,12839.290039,4475090000.0,0
2022-04-25,12749.169922,13011.450195,12722.589844,13004.849609,13004.849609,4845160000.0,1
2022-04-26,12918.040039,12918.040039,12490.740234,12490.740234,12490.740234,5168160000.0,1
2022-04-27,12500.879883,12703.790039,12430.900391,12488.929688,12488.929688,4810720000.0,1
2022-04-28,12712.860352,12948.519531,12487.860352,12871.530273,12871.530273,5067150000.0,1
2022-04-29,12710.419922,12861.830078,12315.740234,12334.639648,12334.639648,4733070000.0,1
2022-04-30,12710.419922,12861.830078,12315.740234,12334.639648,12334.639648,4733070000.0,0
2022-05-01,12710.419922,12861.830078,12315.740234,12334.639648,12334.639648,4733070000.0,0
2022-05-02,12331.69043,12542.540039,12202.410156,12536.019531,12536.019531,4918240000.0,1
2022-05-03,12511.459961,12645.830078,12460.990234,12563.759766,12563.759766,4547280000.0,1
2022-05-04,12574.730469,12985.009766,12367.019531,12964.860352,12964.860352,5498050000.0,1
2022-05-05,12787.519531,12787.519531,12183.55957,12317.69043,12317.69043,5308920000.0,1
2022-05-06,12246.830078,12358.419922,11990.150391,12144.660156,12144.660156,5324480000.0,1
2022-05-07,12246.830078,12358.419922,11990.150391,12144.660156,12144.660156,5324480000.0,0
2022-05-08,12246.830078,12358.419922,11990.150391,12144.660156,12144.660156,5324480000.0,0
2022-05-09,11923.030273,11990.610352,11574.94043,11623.25,11623.25,5939140000.0,1
2022-05-10,11900.339844,11944.94043,11566.280273,11737.669922,11737.669922,6218260000.0,1
2022-05-11,11645.570313,11844.509766,11339.179688,11364.240234,11364.240234,6152370000.0,1
2022-05-12,11199.25,11547.330078,11108.759766,11370.959961,11370.959961,6679470000.0,1
2022-05-13,11555.969727,11856.709961,11510.259766,11805.0,11805.0,5894020000.0,1
2022-05-14,11555.969727,11856.709961,11510.259766,11805.0,11805.0,5894020000.0,0
2022-05-15,11555.969727,11856.709961,11510.259766,11805.0,11805.0,5894020000.0,0
2022-05-16,11727.139648,11804.589844,11627.530273,11662.790039,11662.790039,4930250000.0,1
2022-05-17,11905.570313,11988.429688,11754.280273,11984.519531,11984.519531,5093960000.0,1
2022-05-18,11790.679688,11826.219727,11381.69043,11418.150391,11418.150391,5064120000.0,1
2022-05-19,11364.400391,11562.820313,11313.30957,11388.5,11388.5,5154410000.0,1
2022-05-20,11542.669922,11552.209961,11035.69043,11354.620117,11354.620117,5434370000.0,1
2022-05-21,11542.669922,11552.209961,11035.69043,11354.620117,11354.620117,5434370000.0,0
2022-05-22,11542.669922,11552.209961,11035.69043,11354.620117,11354.620117,5434370000.0,0
2022-05-23,11396.280273,11552.070313,11304.55957,11535.269531,11535.269531,4552200000.0,1
2022-05-24,11326.44043,11351.610352,11092.480469,11264.450195,11264.450195,4724430000.0,1
2022-05-25,11225.030273,11511.900391,11211.849609,11434.740234,11434.740234,4519690000.0,1
2022-05-26,11409.839844,11796.969727,11406.160156,11740.650391,11740.650391,4672620000.0,1
2022-05-27,11869.69043,12131.660156,11856.820313,12131.129883,12131.129883,4793900000.0,1
2022-05-28,11869.69043,12131.660156,11856.820313,12131.129883,12131.129883,4793900000.0,0
2022-05-29,11869.69043,12131.660156,11856.820313,12131.129883,12131.129883,4793900000.0,0
2022-05-30,11869.69043,12131.660156,11856.820313,12131.129883,12131.129883,4793900000.0,0
2022-05-31,12137.540039,12190.080078,11942.5,12081.389648,12081.389648,6045500000.0,1
2022-06-01,12176.889648,12237.94043,11901.429688,11994.459961,11994.459961,4719900000.0,1
2022-06-02,11945.570313,12320.120117,11901.450195,12316.900391,12316.900391,4445840000.0,1
2022-06-03,12097.120117,12167.44043,11966.620117,12012.730469,12012.730469,4130040000.0,1
2022-06-04,12097.120117,12167.44043,11966.620117,12012.730469,12012.730469,4130040000.0,0
2022-06-05,12097.120117,12167.44043,11966.620117,12012.730469,12012.730469,4130040000.0,0
2022-06-06,12200.330078,12245.400391,12004.200195,12061.370117,12061.370117,4647010000.0,1
2022-06-07,11925.80957,12194.860352,11888.610352,12175.230469,12175.230469,4411240000.0,1
2022-06-08,12147.280273,12235.780273,12052.700195,12086.269531,12086.269531,4708980000.0,1
2022-06-09,12016.469727,12115.05957,11751.980469,11754.230469,11754.230469,5408460000.0,1
2022-06-10,11543.879883,11569.150391,11328.269531,11340.019531,11340.019531,5152020000.0,1
2022-06-11,11543.879883,11569.150391,11328.269531,11340.019531,11340.019531,5152020000.0,0
2022-06-12,11543.879883,11569.150391,11328.269531,11340.019531,11340.019531,5152020000.0,0
2022-06-13,10986.849609,11071.480469,10775.139648,10809.230469,10809.230469,5937320000.0,1
2022-06-14,10897.429688,10926.80957,10733.040039,10828.349609,10828.349609,4819890000.0,1
2022-06-15,10968.400391,11244.259766,10866.389648,11099.150391,11099.150391,5368500000.0,1
2022-06-16,10806.019531,10831.070313,10565.139648,10646.099609,10646.099609,5696630000.0,1
2022-06-17,10697.549805,10884.709961,10638.719727,10798.349609,10798.349609,7452830000.0,1
2022-06-18,10697.549805,10884.709961,10638.719727,10798.349609,10798.349609,7452830000.0,0
2022-06-19,10697.549805,10884.709961,10638.719727,10798.349609,10798.349609,7452830000.0,0
2022-06-20,10697.549805,10884.709961,10638.719727,10798.349609,10798.349609,7452830000.0,0
2022-06-21,10974.049805,11164.990234,10974.049805,11069.299805,11069.299805,5226260000.0,1
2022-06-22,10941.950195,11216.769531,10938.05957,11053.080078,11053.080078,5238180000.0,1
2022-06-23,11137.679688,11260.269531,11046.280273,11232.19043,11232.19043,5258200000.0,1
2022-06-24,11351.30957,11613.230469,11337.780273,11607.620117,11607.620117,9468130000.0,1
2022-06-25,11351.30957,11613.230469,11337.780273,11607.620117,11607.620117,9468130000.0,0
2022-06-26,11351.30957,11613.230469,11337.780273,11607.620117,11607.620117,9468130000.0,0
2022-06-27,11661.019531,11677.490234,11487.070313,11524.549805,11524.549805,5047860000.0,1
2022-06-28,11542.240234,11635.849609,11177.679688,11181.540039,11181.540039,5433220000.0,1
2022-06-29,11160.219727,11226.330078,11072.19043,11177.889648,11177.889648,5650860000.0,1
2022-06-30,11048.25,11160.919922,10850.009766,11028.740234,11028.740234,5654520000.0,1
2022-07-01,11006.830078,11132.549805,10922.709961,11127.849609,11127.849609,4865730000.0,1
2022-07-02,11006.830078,11132.549805,10922.709961,11127.849609,11127.849609,4865730000.0,0
2022-07-03,11006.830078,11132.549805,10922.709961,11127.849609,11127.849609,4865730000.0,0
2022-07-04,11006.830078,11132.549805,10922.709961,11127.849609,11127.849609,4865730000.0,0
2022-07-05,10964.179688,11323.889648,10911.450195,11322.240234,11322.240234,5053570000.0,1
2022-07-06,11337.900391,11443.150391,11250.320313,11361.849609,11361.849609,4851170000.0,1
2022-07-07,11422.599609,11644.469727,11412.879883,11621.349609,11621.349609,4685050000.0,1
2022-07-08,11503.610352,11689.700195,11479.769531,11635.30957,11635.30957,4526570000.0,1
2022-07-09,11503.610352,11689.700195,11479.769531,11635.30957,11635.30957,4526570000.0,0
2022-07-10,11503.610352,11689.700195,11479.769531,11635.30957,11635.30957,4526570000.0,0
2022-07-11,11524.490234,11541.099609,11348.05957,11372.599609,11372.599609,4362910000.0,1
2022-07-12,11420.889648,11483.169922,11207.080078,11264.730469,11264.730469,4317860000.0,1
2022-07-13,11056.549805,11325.669922,11031.269531,11247.580078,11247.580078,4433060000.0,1
2022-07-14,11151.209961,11279.969727,11005.929688,11251.19043,11251.19043,4481070000.0,1
2022-07-15,11379.360352,11454.69043,11295.330078,11452.419922,11452.419922,4369060000.0,1
2022-07-16,11379.360352,11454.69043,11295.330078,11452.419922,11452.419922,4369060000.0,0
2022-07-17,11379.360352,11454.69043,11295.330078,11452.419922,11452.419922,4369060000.0,0
2022-07-18,11561.639648,11629.030273,11322.839844,11360.049805,11360.049805,5057920000.0,1
2022-07-19,11515.0,11721.219727,11448.969727,11713.150391,11713.150391,5302740000.0,1
2022-07-20,11726.089844,11939.959961,11703.360352,11897.650391,11897.650391,5467080000.0,1
2022-07-21,11914.150391,12060.589844,11812.719727,12059.610352,12059.610352,4680930000.0,1
2022-07-22,12025.370117,12093.019531,11767.19043,11834.110352,11834.110352,4721880000.0,1
2022-07-23,12025.370117,12093.019531,11767.19043,11834.110352,11834.110352,4721880000.0,0
2022-07-24,12025.370117,12093.019531,11767.19043,11834.110352,11834.110352,4721880000.0,0
2022-07-25,11837.959961,11855.110352,11707.530273,11782.669922,11782.669922,4346520000.0,1
2022-07-26,11701.530273,11711.30957,11533.370117,11562.570313,11562.570313,4349760000.0,1
2022-07-27,11756.19043,12081.730469,11718.379883,12032.419922,12032.419922,4588480000.0,1
2022-07-28,12036.480469,12179.089844,11886.669922,12162.589844,12162.589844,4924950000.0,1
2022-07-29,12239.69043,12426.259766,12181.129883,12390.69043,12390.69043,4907410000.0,1
2022-07-30,12239.69043,12426.259766,12181.129883,12390.69043,12390.69043,4907410000.0,0
2022-07-31,12239.69043,12426.259766,12181.129883,12390.69043,12390.69043,4907410000.0,0
2022-08-01,12317.959961,12499.719727,12271.980469,12368.980469,12368.980469,4396390000.0,1
2022-08-02,12287.669922,12503.339844,12260.480469,12348.759766,12348.759766,4792140000.0,1
2022-08-03,12433.870117,12699.639648,12425.209961,12668.160156,12668.160156,5667990000.0,1
2022-08-04,12675.040039,12736.19043,12600.780273,12720.580078,12720.580078,5451470000.0,1
2022-08-05,12538.799805,12720.44043,12525.769531,12657.549805,12657.549805,4911300000.0,1
2022-08-06,12538.799805,12720.44043,12525.769531,12657.549805,12657.549805,4911300000.0,0
2022-08-07,12538.799805,12720.44043,12525.769531,12657.549805,12657.549805,4911300000.0,0
2022-08-08,12703.719727,12855.150391,12597.75,12644.459961,12644.459961,5238600000.0,1
2022-08-09,12557.490234,12582.910156,12438.860352,12493.929688,12493.929688,5307340000.0,1
2022-08-10,12793.44043,12861.44043,12698.610352,12854.799805,12854.799805,5196210000.0,1
2022-08-11,12944.820313,13026.240234,12760.089844,12779.910156,12779.910156,5815960000.0,1
2022-08-12,12866.30957,13047.19043,12821.219727,13047.19043,13047.19043,4782610000.0,1
2022-08-13,12866.30957,13047.19043,12821.219727,13047.19043,13047.19043,4782610000.0,0
2022-08-14,12866.30957,13047.19043,12821.219727,13047.19043,13047.19043,4782610000.0,0
2022-08-15,12996.629883,13146.05957,12993.780273,13128.049805,13128.049805,4476040000.0,1
2022-08-16,13082.639648,13181.089844,12979.240234,13102.549805,13102.549805,5028410000.0,1
2022-08-17,12968.629883,13053.509766,12863.009766,12938.120117,12938.120117,5229520000.0,1
2022-08-18,12937.790039,13002.660156,12873.490234,12965.339844,12965.339844,4724350000.0,1
2022-08-19,12832.269531,12859.009766,12674.870117,12705.219727,12705.219727,4628170000.0,1
2022-08-20,12832.269531,12859.009766,12674.870117,12705.219727,12705.219727,4628170000.0,0
2022-08-21,12832.269531,12859.009766,12674.870117,12705.219727,12705.219727,4628170000.0,0
2022-08-22,12523.160156,12538.549805,12353.730469,12381.570313,12381.570313,4270980000.0,1
2022-08-23,12380.370117,12490.849609,12352.030273,12381.299805,12381.299805,3836180000.0,1
2022-08-24,12375.150391,12504.330078,12350.160156,12431.530273,12431.530273,3917170000.0,1
2022-08-25,12506.370117,12641.259766,12471.980469,12639.269531,12639.269531,4323470000.0,1
2022-08-26,12630.580078,12655.839844,12141.519531,12141.709961,12141.709961,4530000000.0,1
2022-08-27,12630.580078,12655.839844,12141.519531,12141.709961,12141.709961,4530000000.0,0
2022-08-28,12630.580078,12655.839844,12141.519531,12141.709961,12141.709961,4530000000.0,0
2022-08-29,12021.049805,12124.870117,11981.419922,12017.669922,12017.669922,4209850000.0,1
2022-08-30,12093.05957,12101.849609,11790.019531,11883.139648,11883.139648,4681520000.0,1
2022-08-31,11972.55957,12027.429688,11814.169922,11816.200195,11816.200195,4952010000.0,1
2022-09-01,11707.44043,11798.370117,11546.519531,11785.129883,11785.129883,4792890000.0,1
2022-09-02,11899.139648,11945.910156,11573.509766,11630.860352,11630.860352,4257410000.0,1
2022-09-03,11899.139648,11945.910156,11573.509766,11630.860352,11630.860352,4257410000.0,0
2022-09-04,11899.139648,11945.910156,11573.509766,11630.860352,11630.860352,4257410000.0,0
2022-09-05,11899.139648,11945.910156,11573.509766,11630.860352,11630.860352,4257410000.0,0
2022-09-06,11643.030273,11679.429688,11471.5,11544.910156,11544.910156,4622940000.0,1
2022-09-07,11559.379883,11819.070313,11555.080078,11791.900391,11791.900391,4445640000.0,1
2022-09-08,11679.860352,11896.730469,11660.530273,11862.129883,11862.129883,4329910000.0,1
2022-09-09,11958.610352,12132.669922,11958.610352,12112.30957,12112.30957,4401590000.0,1
2022-09-10,11958.610352,12132.669922,11958.610352,12112.30957,12112.30957,4401590000.0,0
2022-09-11,11958.610352,12132.669922,11958.610352,12112.30957,12112.30957,4401590000.0,0
2022-09-12,12174.94043,12270.19043,12169.280273,12266.410156,12266.410156,4146680000.0,1
2022-09-13,11908.80957,11957.969727,11604.429688,11633.570313,11633.570313,5188380000.0,1
2022-09-14,11680.410156,11746.830078,11602.759766,11719.679688,11719.679688,4861530000.0,1
2022-09-15,11633.240234,11760.730469,11497.110352,11552.360352,11552.360352,4805910000.0,1
2022-09-16,11401.209961,11460.429688,11316.919922,11448.400391,11448.400391,7451840000.0,1
2022-09-17,11401.209961,11460.429688,11316.919922,11448.400391,11448.400391,7451840000.0,0
2022-09-18,11401.209961,11460.429688,11316.919922,11448.400391,11448.400391,7451840000.0,0
2022-09-19,11338.570313,11538.129883,11337.830078,11535.019531,11535.019531,4168670000.0,1
2022-09-20,11440.139648,11520.990234,11343.719727,11425.049805,11425.049805,4028100000.0,1
2022-09-21,11466.209961,11613.570313,11218.990234,11220.19043,11220.19043,4471000000.0,1
2022-09-22,11167.379883,11203.769531,11024.639648,11066.80957,11066.80957,4916470000.0,1
2022-09-23,10952.69043,10958.290039,10732.719727,10867.929688,10867.929688,5134350000.0,1
2022-09-24,10952.69043,10958.290039,10732.719727,10867.929688,10867.929688,5134350000.0,0
2022-09-25,10952.69043,10958.290039,10732.719727,10867.929688,10867.929688,5134350000.0,0
2022-09-26,10833.379883,11024.0,10789.049805,10802.919922,10802.919922,4697730000.0,1
2022-09-27,10955.290039,11040.980469,10741.019531,10829.5,10829.5,4445050000.0,1
2022-09-28,10817.519531,11101.5,10776.339844,11051.639648,11051.639648,4556100000.0,1
2022-09-29,10894.44043,10899.469727,10623.219727,10737.509766,10737.509766,4516630000.0,1
2022-09-30,10697.709961,10883.040039,10572.330078,10575.620117,10575.620117,4649710000.0,1
2022-10-01,10697.709961,10883.040039,10572.330078,10575.620117,10575.620117,4649710000.0,0
2022-10-02,10697.709961,10883.040039,10572.330078,10575.620117,10575.620117,4649710000.0,0
2022-10-03,10659.009766,10875.459961,10577.889648,10815.429688,10815.429688,4415440000.0,1
2022-10-04,11054.719727,11189.959961,11044.040039,11176.410156,11176.410156,5004780000.0,1
2022-10-05,11022.669922,11210.320313,10910.759766,11148.639648,11148.639648,4091860000.0,1
2022-10-06,11129.040039,11230.44043,11051.269531,11073.30957,11073.30957,4423320000.0,1
2022-10-07,10877.280273,10891.929688,10608.519531,10652.400391,10652.400391,4634190000.0,1
2022-10-08,10877.280273,10891.929688,10608.519531,10652.400391,10652.400391,4634190000.0,0
2022-10-09,10877.280273,10891.929688,10608.519531,10652.400391,10652.400391,4634190000.0,0
2022-10-10,10659.950195,10669.929688,10449.040039,10542.099609,10542.099609,3989640000.0,1
2022-10-11,10484.370117,10608.839844,10351.980469,10426.19043,10426.19043,4738840000.0,1
2022-10-12,10437.0,10494.530273,10372.209961,10417.099609,10417.099609,4091030000.0,1
2022-10-13,10131.820313,10697.709961,10088.830078,10649.150391,10649.150391,5300080000.0,1
2022-10-14,10742.80957,10766.69043,10308.80957,10321.389648,10321.389648,4393000000.0,1
2022-10-15,10742.80957,10766.69043,10308.80957,10321.389648,10321.389648,4393000000.0,0
2022-10-16,10742.80957,10766.69043,10308.80957,10321.389648,10321.389648,4393000000.0,0
2022-10-17,10575.650391,10696.589844,10569.69043,10675.799805,10675.799805,4439190000.0,1
2022-10-18,10963.990234,10972.969727,10670.120117,10772.400391,10772.400391,5047360000.0,1
2022-10-19,10689.30957,10808.040039,10592.879883,10680.509766,10680.509766,4955090000.0,1
2022-10-20,10657.410156,10837.299805,10574.549805,10614.839844,10614.839844,4628010000.0,1
2022-10-21,10576.040039,10875.719727,10542.429688,10859.719727,10859.719727,4706440000.0,1
2022-10-22,10576.040039,10875.719727,10542.429688,10859.719727,10859.719727,4706440000.0,0
2022-10-23,10576.040039,10875.719727,10542.429688,10859.719727,10859.719727,4706440000.0,0
2022-10-24,10867.070313,10983.519531,10713.330078,10952.610352,10952.610352,4808710000.0,1
2022-10-25,10996.969727,11210.379883,10996.969727,11199.120117,11199.120117,5141760000.0,1
2022-10-26,10969.019531,11205.839844,10948.379883,10970.990234,10970.990234,5224440000.0,1
2022-10-27,10971.950195,10998.730469,10780.5,10792.669922,10792.669922,4773520000.0,1
2022-10-28,10766.200195,11117.040039,10766.200195,11102.450195,11102.450195,4731940000.0,1
2022-10-29,10766.200195,11117.040039,10766.200195,11102.450195,11102.450195,4731940000.0,0
2022-10-30,10766.200195,11117.040039,10766.200195,11102.450195,11102.450195,4731940000.0,0
2022-10-31,11028.429688,11047.94043,10914.009766,10988.150391,10988.150391,4753740000.0,1
2022-11-01,11154.740234,11156.349609,10881.19043,10890.849609,10890.849609,4677520000.0,1
2022-11-02,10885.009766,10993.240234,10522.900391,10524.799805,10524.799805,5436420000.0,1
2022-11-03,10399.450195,10486.009766,10319.540039,10342.94043,10342.94043,5102190000.0,1
2022-11-04,10548.139648,10553.629883,10262.929688,10475.25,10475.25,5453750000.0,1
2022-11-05,10548.139648,10553.629883,10262.929688,10475.25,10475.25,5453750000.0,0
2022-11-06,10548.139648,10553.629883,10262.929688,10475.25,10475.25,5453750000.0,0
2022-11-07,10516.94043,10587.959961,10428.910156,10564.519531,10564.519531,4456690000.0,1
2022-11-08,10611.530273,10745.639648,10472.730469,10616.200195,10616.200195,5134500000.0,1
2022-11-09,10528.450195,10564.969727,10344.009766,10353.169922,10353.169922,4977460000.0,1
2022-11-10,10869.169922,11119.120117,10779.950195,11114.150391,11114.150391,6433000000.0,1
2022-11-11,11124.75,11352.429688,11069.830078,11323.330078,11323.330078,5867750000.0,1
2022-11-12,11124.75,11352.429688,11069.830078,11323.330078,11323.330078,5867750000.0,0
2022-11-13,11124.75,11352.429688,11069.830078,11323.330078,11323.330078,5867750000.0,0
2022-11-14,11233.900391,11350.120117,11167.169922,11196.219727,11196.219727,5004060000.0,1
2022-11-15,11474.820313,11492.620117,11241.150391,11358.410156,11358.410156,5617310000.0,1
2022-11-16,11260.099609,11286.099609,11162.919922,11183.660156,11183.660156,4585190000.0,1
2022-11-17,11008.669922,11198.839844,11006.209961,11144.959961,11144.959961,4354360000.0,1
2022-11-18,11257.009766,11259.44043,11059.160156,11146.05957,11146.05957,4175420000.0,1
2022-11-19,11257.009766,11259.44043,11059.160156,11146.05957,11146.05957,4175420000.0,0
2022-11-20,11257.009766,11259.44043,11059.160156,11146.05957,11146.05957,4175420000.0,0
2022-11-21,11091.009766,11128.780273,10999.75,11024.509766,11024.509766,3977130000.0,1
2022-11-22,11058.55957,11179.870117,10975.660156,11174.410156,11174.410156,4186360000.0,1
2022-11-23,11174.610352,11310.820313,11174.610352,11285.320313,11285.320313,4431530000.0,1
2022-11-24,11174.610352,11310.820313,11174.610352,11285.320313,11285.320313,4431530000.0,0
2022-11-25,11231.0,11261.570313,11206.379883,11226.360352,11226.360352,2184080000.0,1
2022-11-26,11231.0,11261.570313,11206.379883,11226.360352,11226.360352,2184080000.0,0
2022-11-27,11231.0,11261.570313,11206.379883,11226.360352,11226.360352,2184080000.0,0
2022-11-28,11147.570313,11217.75,11020.69043,11049.5,11049.5,4271360000.0,1
2022-11-29,11060.019531,11086.019531,10944.370117,10983.780273,10983.780273,4592830000.0,1
2022-11-30,10995.200195,11468.469727,10966.530273,11468.0,11468.0,6653460000.0,1
2022-12-01,11475.169922,11546.769531,11378.75,11482.450195,11482.450195,5158120000.0,1
2022-12-02,11308.379883,11492.320313,11296.719727,11461.5,11461.5,4523010000.0,1
2022-12-03,11308.379883,11492.320313,11296.719727,11461.5,11461.5,4523010000.0,0
2022-12-04,11308.379883,11492.320313,11296.719727,11461.5,11461.5,4523010000.0,0
2022-12-05,11380.990234,11425.509766,11193.019531,11239.94043,11239.94043,4510030000.0,1
2022-12-06,11228.419922,11241.419922,10956.200195,11014.889648,11014.889648,4713330000.0,1
2022-12-07,10963.950195,11039.80957,10910.620117,10958.549805,10958.549805,4343860000.0,1
2022-12-08,11011.330078,11119.160156,10939.469727,11082.0,11082.0,4281800000.0,1
2022-12-09,11038.169922,11138.700195,10999.259766,11004.620117,11004.620117,4337440000.0,1
2022-12-10,11038.169922,11138.700195,10999.259766,11004.620117,11004.620117,4337440000.0,0
2022-12-11,11038.169922,11138.700195,10999.259766,11004.620117,11004.620117,4337440000.0,0
2022-12-12,11015.480469,11144.669922,10984.820313,11143.740234,11143.740234,4829990000.0,1
2022-12-13,11542.839844,11571.639648,11160.540039,11256.80957,11256.80957,6126890000.0,1
2022-12-14,11248.089844,11352.089844,11065.240234,11170.889648,11170.889648,5485150000.0,1
2022-12-15,11012.620117,11029.570313,10775.610352,10810.530273,10810.530273,5536070000.0,1
2022-12-16,10767.629883,10833.240234,10642.099609,10705.410156,10705.410156,7968170000.0,1
2022-12-17,10767.629883,10833.240234,10642.099609,10705.410156,10705.410156,7968170000.0,0
2022-12-18,10767.629883,10833.240234,10642.099609,10705.410156,10705.410156,7968170000.0,0
2022-12-19,10707.44043,10713.969727,10497.549805,10546.030273,10546.030273,4631820000.0,1
2022-12-20,10490.889648,10609.459961,10446.820313,10547.110352,10547.110352,4707190000.0,1
2022-12-21,10592.0,10753.570313,10569.200195,10709.370117,10709.370117,4401420000.0,1
2022-12-22,10586.459961,10599.339844,10313.320313,10476.120117,10476.120117,5125070000.0,1
2022-12-23,10437.75,10514.759766,10361.820313,10497.860352,10497.860352,3544680000.0,1
2022-12-24,10437.75,10514.759766,10361.820313,10497.860352,10497.860352,3544680000.0,0
2022-12-25,10437.75,10514.759766,10361.820313,10497.860352,10497.860352,3544680000.0,0
2022-12-26,10437.75,10514.759766,10361.820313,10497.860352,10497.860352,3544680000.0,0
2022-12-27,10462.19043,10472.320313,10340.730469,10353.230469,10353.230469,3827290000.0,1
2022-12-28,10339.200195,10414.820313,10207.469727,10213.290039,10213.290039,3842970000.0,1
2022-12-29,10321.459961,10502.080078,10301.05957,10478.089844,10478.089844,4154100000.0,1
2022-12-30,10368.370117,10468.30957,10324.700195,10466.480469,10466.480469,3959030000.0,1
2022-12-31,10368.370117,10468.30957,10324.700195,10466.480469,10466.480469,3959030000.0,0
2023-01-01,10368.370117,10468.30957,10324.700195,10466.480469,10466.480469,3959030000.0,0
2023-01-02,10368.370117,10468.30957,10324.700195,10466.480469,10466.480469,3959030000.0,0
2023-01-03,10562.05957,10613.05957,10309.160156,10386.980469,10386.980469,4780650000.0,1
2023-01-04,10467.820313,10515.219727,10337.639648,10458.759766,10458.759766,5085380000.0,1
2023-01-05,10390.30957,10393.219727,10295.25,10305.240234,10305.240234,4764270000.0,1
2023-01-06,10363.959961,10604.139648,10265.040039,10569.290039,10569.290039,5199780000.0,1
2023-01-07,10363.959961,10604.139648,10265.040039,10569.290039,10569.290039,5199780000.0,0
2023-01-08,10363.959961,10604.139648,10265.040039,10569.290039,10569.290039,5199780000.0,0
2023-01-09,10662.099609,10807.259766,10619.120117,10635.650391,10635.650391,5132190000.0,1
2023-01-10,10607.719727,10743.669922,10589.589844,10742.629883,10742.629883,4710680000.0,1
2023-01-11,10794.990234,10932.44043,10762.730469,10931.669922,10931.669922,5284390000.0,1
2023-01-12,10969.259766,11027.75,10797.120117,11001.099609,11001.099609,5681240000.0,1
2023-01-13,10906.370117,11084.009766,10900.160156,11079.160156,11079.160156,5077990000.0,1
2023-01-14,10906.370117,11084.009766,10900.160156,11079.160156,11079.160156,5077990000.0,0
2023-01-15,10906.370117,11084.009766,10900.160156,11079.160156,11079.160156,5077990000.0,0
2023-01-16,10906.370117,11084.009766,10900.160156,11079.160156,11079.160156,5077990000.0,0
2023-01-17,11070.0,11145.44043,11024.719727,11095.110352,11095.110352,5138410000.0,1
2023-01-18,11170.950195,11223.410156,10952.049805,10957.009766,10957.009766,5288630000.0,1
2023-01-19,10890.400391,10932.519531,10804.570313,10852.269531,10852.269531,4660800000.0,1
2023-01-20,10924.660156,11143.169922,10885.650391,11140.429688,11140.429688,5980110000.0,1
2023-01-21,10924.660156,11143.169922,10885.650391,11140.429688,11140.429688,5980110000.0,0
2023-01-22,10924.660156,11143.169922,10885.650391,11140.429688,11140.429688,5980110000.0,0
2023-01-23,11171.94043,11405.5,11144.030273,11364.410156,11364.410156,5997810000.0,1
2023-01-24,11302.929688,11378.150391,11282.650391,11334.269531,11334.269531,5670860000.0,1
2023-01-25,11146.530273,11334.219727,11069.179688,11313.360352,11313.360352,5485570000.0,1
2023-01-26,11458.400391,11516.049805,11341.19043,11512.410156,11512.410156,5732890000.0,1
2023-01-27,11470.469727,11691.889648,11470.269531,11621.709961,11621.709961,6243800000.0,1
2023-01-28,11470.469727,11691.889648,11470.269531,11621.709961,11621.709961,6243800000.0,0
2023-01-29,11470.469727,11691.889648,11470.269531,11621.709961,11621.709961,6243800000.0,0
2023-01-30,11512.339844,11553.30957,11388.540039,11393.80957,11393.80957,5122320000.0,1
2023-01-31,11398.580078,11586.009766,11398.370117,11584.549805,11584.549805,5695150000.0,1
2023-02-01,11573.139648,11904.019531,11500.330078,11816.320313,11816.320313,6336040000.0,1
2023-02-02,12065.150391,12269.549805,12024.139648,12200.820313,12200.820313,7038210000.0,1
2023-02-03,11946.860352,12231.30957,11946.860352,12006.950195,12006.950195,5954490000.0,1
2023-02-04,11946.860352,12231.30957,11946.860352,12006.950195,12006.950195,5954490000.0,0
2023-02-05,11946.860352,12231.30957,11946.860352,12006.950195,12006.950195,5954490000.0,0
2023-02-06,11904.410156,11973.410156,11843.490234,11887.450195,11887.450195,5538350000.0,1
2023-02-07,11891.25,12150.219727,11836.780273,12113.790039,12113.790039,5720240000.0,1
2023-02-08,12069.120117,12096.389648,11890.089844,11910.519531,11910.519531,5052870000.0,1
2023-02-09,12069.099609,12070.959961,11745.110352,11789.580078,11789.580078,5536290000.0,1
2023-02-10,11714.599609,11775.799805,11630.540039,11718.120117,11718.120117,4885030000.0,1
2023-02-11,11714.599609,11775.799805,11630.540039,11718.120117,11718.120117,4885030000.0,0
2023-02-12,11714.599609,11775.799805,11630.540039,11718.120117,11718.120117,4885030000.0,0
2023-02-13,11759.089844,11910.919922,11719.730469,11891.790039,11891.790039,4752880000.0,1
2023-02-14,11808.200195,11999.849609,11760.55957,11960.150391,11960.150391,5032430000.0,1
2023-02-15,11905.120117,12071.290039,11876.820313,12070.589844,12070.589844,5056640000.0,1
2023-02-16,11896.30957,12040.339844,11853.360352,11855.830078,11855.830078,5159410000.0,1
2023-02-17,11777.5,11803.219727,11673.209961,11787.269531,11787.269531,4925230000.0,1
2023-02-18,11777.5,11803.219727,11673.209961,11787.269531,11787.269531,4925230000.0,0
2023-02-19,11777.5,11803.219727,11673.209961,11787.269531,11787.269531,4925230000.0,0
2023-02-20,11777.5,11803.219727,11673.209961,11787.269531,11787.269531,4925230000.0,0
2023-02-21,11640.370117,11684.139648,11491.179688,11492.299805,11492.299805,5002540000.0,1
2023-02-22,11517.200195,11582.519531,11445.169922,11507.070313,11507.070313,4671270000.0,1
2023-02-23,11636.929688,11638.980469,11432.580078,11590.400391,11590.400391,4714580000.0,1
2023-02-24,11404.179688,11434.360352,11334.469727,11394.94043,11394.94043,4432650000.0,1
2023-02-25,11404.179688,11434.360352,11334.469727,11394.94043,11394.94043,4432650000.0,0
2023-02-26,11404.179688,11434.360352,11334.469727,11394.94043,11394.94043,4432650000.0,0
2023-02-27,11517.19043,11565.230469,11444.599609,11466.980469,11466.980469,4494000000.0,1
2023-02-28,11451.049805,11548.230469,11435.389648,11455.540039,11455.540039,5340950000.0,1
2023-03-01,11447.580078,11479.0,11349.870117,11379.480469,11379.480469,4927530000.0,1
2023-03-02,11273.769531,11487.589844,11273.610352,11462.980469,11462.980469,5313760000.0,1
2023-03-03,11524.650391,11699.629883,11514.740234,11689.009766,11689.009766,5102210000.0,1
2023-03-04,11524.650391,11699.629883,11514.740234,11689.009766,11689.009766,5102210000.0,0
2023-03-05,11524.650391,11699.629883,11514.740234,11689.009766,11689.009766,5102210000.0,0
2023-03-06,11736.870117,11827.919922,11667.480469,11675.740234,11675.740234,4982880000.0,1
2023-03-07,11670.980469,11705.959961,11512.030273,11530.330078,11530.330078,5422820000.0,1
2023-03-08,11553.089844,11601.230469,11487.75,11576.0,11576.0,5085970000.0,1
2023-03-09,11578.30957,11667.120117,11319.980469,11338.349609,11338.349609,5061790000.0,1
2023-03-10,11325.360352,11373.80957,11093.860352,11138.889648,11138.889648,6193500000.0,1
2023-03-11,11325.360352,11373.80957,11093.860352,11138.889648,11138.889648,6193500000.0,0
2023-03-12,11325.360352,11373.80957,11093.860352,11138.889648,11138.889648,6193500000.0,0
2023-03-13,11041.459961,11326.730469,10982.799805,11188.839844,11188.839844,6201490000.0,1
2023-03-14,11357.730469,11467.019531,11284.929688,11428.150391,11428.150391,5533120000.0,1
2023-03-15,11291.169922,11447.900391,11238.44043,11434.049805,11434.049805,5912430000.0,1
2023-03-16,11384.870117,11733.799805,11365.490234,11717.280273,11717.280273,5498920000.0,1
2023-03-17,11696.339844,11773.110352,11562.629883,11630.509766,11630.509766,7903090000.0,1
2023-03-18,11696.339844,11773.110352,11562.629883,11630.509766,11630.509766,7903090000.0,0
2023-03-19,11696.339844,11773.110352,11562.629883,11630.509766,11630.509766,7903090000.0,0
2023-03-20,11614.389648,11695.549805,11550.69043,11675.540039,11675.540039,4970630000.0,1
2023-03-21,11764.790039,11879.160156,11724.910156,11860.110352,11860.110352,4829870000.0,1
2023-03-22,11857.5,12013.990234,11666.849609,11669.959961,11669.959961,4981590000.0,1
2023-03-23,11811.320313,11962.69043,11684.519531,11787.400391,11787.400391,4917460000.0,1
2023-03-24,11747.620117,11826.230469,11670.669922,11823.959961,11823.959961,4363650000.0,1
2023-03-25,11747.620117,11826.230469,11670.669922,11823.959961,11823.959961,4363650000.0,0
2023-03-26,11747.620117,11826.230469,11670.669922,11823.959961,11823.959961,4363650000.0,0
2023-03-27,11868.540039,11903.209961,11739.049805,11768.839844,11768.839844,4330320000.0,1
2023-03-28,11752.759766,11752.759766,11635.030273,11716.080078,11716.080078,4036910000.0,1
2023-03-29,11855.589844,11941.599609,11823.349609,11926.240234,11926.240234,4493540000.0,1
2023-03-30,12010.450195,12044.790039,11953.370117,12013.469727,12013.469727,4738880000.0,1
2023-03-31,12031.540039,12227.929688,12030.44043,12221.910156,12221.910156,5521150000.0,1
2023-04-01,12031.540039,12227.929688,12030.44043,12221.910156,12221.910156,5521150000.0,0
2023-04-02,12031.540039,12227.929688,12030.44043,12221.910156,12221.910156,5521150000.0,0
2023-04-03,12146.089844,12196.339844,12086.519531,12189.450195,12189.450195,4816440000.0,1
2023-04-04,12208.490234,12224.679688,12081.80957,12126.330078,12126.330078,4298760000.0,1
2023-04-05,12081.759766,12086.75,11931.849609,11996.860352,11996.860352,4378590000.0,1
2023-04-06,11939.080078,12098.5,11898.360352,12087.959961,12087.959961,3862800000.0,1
2023-04-07,11939.080078,12098.5,11898.360352,12087.959961,12087.959961,3862800000.0,0
2023-04-08,11939.080078,12098.5,11898.360352,12087.959961,12087.959961,3862800000.0,0
2023-04-09,11939.080078,12098.5,11898.360352,12087.959961,12087.959961,3862800000.0,0
2023-04-10,11975.129883,12084.950195,11924.200195,12084.360352,12084.360352,4334070000.0,1
2023-04-11,12080.240234,12091.269531,12011.400391,12031.879883,12031.879883,4676960000.0,1
2023-04-12,12110.870117,12134.5,11916.540039,11929.339844,11929.339844,4909770000.0,1
2023-04-13,11997.419922,12178.799805,11995.94043,12166.269531,12166.269531,4942990000.0,1
2023-04-14,12117.910156,12205.719727,12026.549805,12123.469727,12123.469727,4655740000.0,1
2023-04-15,12117.910156,12205.719727,12026.549805,12123.469727,12123.469727,4655740000.0,0
2023-04-16,12117.910156,12205.719727,12026.549805,12123.469727,12123.469727,4655740000.0,0
2023-04-17,12108.230469,12159.019531,12064.099609,12157.719727,12157.719727,4823180000.0,1
2023-04-18,12234.55957,12245.429688,12110.230469,12153.410156,12153.410156,4851810000.0,1
2023-04-19,12063.679688,12191.099609,12060.169922,12157.230469,12157.230469,4972700000.0,1
2023-04-20,12039.080078,12155.959961,12011.950195,12059.55957,12059.55957,4590530000.0,1
2023-04-21,12046.030273,12097.150391,11986.820313,12072.459961,12072.459961,4868050000.0,1
2023-04-22,12046.030273,12097.150391,11986.820313,12072.459961,12072.459961,4868050000.0,0
2023-04-23,12046.030273,12097.150391,11986.820313,12072.459961,12072.459961,4868050000.0,0
2023-04-24,12053.469727,12103.580078,11960.299805,12037.200195,12037.200195,4854050000.0,1
2023-04-25,11968.80957,11990.459961,11798.769531,11799.160156,11799.160156,4806020000.0,1
2023-04-26,11913.230469,11967.990234,11833.070313,11854.349609,11854.349609,5281970000.0,1
2023-04-27,11972.150391,12154.009766,11950.919922,12142.240234,12142.240234,5253710000.0,1
2023-04-28,12117.540039,12227.719727,12082.570313,12226.580078,12226.580078,5331380000.0,1
2023-04-29,12117.540039,12227.719727,12082.570313,12226.580078,12226.580078,5331380000.0,0
2023-04-30,12117.540039,12227.719727,12082.570313,12226.580078,12226.580078,5331380000.0,0
2023-05-01,12210.049805,12261.320313,12181.080078,12212.599609,12212.599609,5168430000.0,1
2023-05-02,12198.019531,12206.580078,12015.230469,12080.509766,12080.509766,5501410000.0,1
2023-05-03,12097.040039,12212.549805,12022.459961,12025.330078,12025.330078,5782160000.0,1
2023-05-04,11997.339844,12033.150391,11925.370117,11966.400391,11966.400391,4745780000.0,1
2023-05-05,12073.030273,12264.830078,12065.719727,12235.410156,12235.410156,4574790000.0,1
2023-05-06,12073.030273,12264.830078,12065.719727,12235.410156,12235.410156,4574790000.0,0
2023-05-07,12073.030273,12264.830078,12065.719727,12235.410156,12235.410156,4574790000.0,0
2023-05-08,12231.679688,12264.990234,12178.259766,12256.919922,12256.919922,4216360000.0,1
2023-05-09,12195.780273,12216.129883,12174.05957,12179.549805,12179.549805,4126780000.0,1
2023-05-10,12286.660156,12337.69043,12180.860352,12306.44043,12306.44043,4948260000.0,1
2023-05-11,12321.259766,12347.379883,12255.44043,12328.509766,12328.509766,4489490000.0,1
2023-05-12,12350.519531,12364.650391,12209.580078,12284.740234,12284.740234,4170000000.0,1
2023-05-13,12350.519531,12364.650391,12209.580078,12284.740234,12284.740234,4170000000.0,0
2023-05-14,12350.519531,12364.650391,12209.580078,12284.740234,12284.740234,4170000000.0,0
2023-05-15,12301.169922,12376.400391,12263.349609,12365.209961,12365.209961,3979290000.0,1
2023-05-16,12327.049805,12403.80957,12324.519531,12343.049805,12343.049805,4067510000.0,1
2023-05-17,12388.580078,12514.070313,12335.019531,12500.570313,12500.570313,4501820000.0,1
2023-05-18,12513.870117,12698.5,12512.259766,12688.839844,12688.839844,4532890000.0,1
2023-05-19,12709.459961,12731.730469,12624.05957,12657.900391,12657.900391,3935780000.0,1
2023-05-20,12709.459961,12731.730469,12624.05957,12657.900391,12657.900391,3935780000.0,0
2023-05-21,12709.459961,12731.730469,12624.05957,12657.900391,12657.900391,3935780000.0,0
2023-05-22,12664.44043,12756.230469,12655.259766,12720.780273,12720.780273,4278920000.0,1
2023-05-23,12652.879883,12709.740234,12554.429688,12560.25,12560.25,4347440000.0,1
2023-05-24,12481.889648,12529.629883,12415.849609,12484.160156,12484.160156,4088270000.0,1
2023-05-25,12706.44043,12736.919922,12604.889648,12698.089844,12698.089844,4651640000.0,1
2023-05-26,12736.419922,13001.910156,12729.740234,12975.69043,12975.69043,4434070000.0,1
2023-05-27,12736.419922,13001.910156,12729.740234,12975.69043,12975.69043,4434070000.0,0
2023-05-28,12736.419922,13001.910156,12729.740234,12975.69043,12975.69043,4434070000.0,0
2023-05-29,12736.419922,13001.910156,12729.740234,12975.69043,12975.69043,4434070000.0,0
2023-05-30,13109.099609,13154.290039,12968.120117,13017.429688,13017.429688,4843470000.0,1
2023-05-31,12968.379883,13029.080078,12889.370117,12935.290039,12935.290039,5905760000.0,1
2023-06-01,12944.459961,13141.830078,12903.629883,13100.980469,13100.980469,4610310000.0,1
2023-06-02,13190.480469,13256.209961,13125.860352,13240.769531,13240.769531,4426760000.0,1
2023-06-03,13190.480469,13256.209961,13125.860352,13240.769531,13240.769531,4426760000.0,0
2023-06-04,13190.480469,13256.209961,13125.860352,13240.769531,13240.769531,4426760000.0,0
2023-06-05,13238.480469,13330.650391,13194.950195,13229.429688,13229.429688,4344280000.0,1
2023-06-06,13199.589844,13306.209961,13165.650391,13276.419922,13276.419922,4810910000.0,1
2023-06-07,13295.259766,13361.900391,13089.480469,13104.900391,13104.900391,5270600000.0,1
2023-06-08,13113.269531,13248.599609,13101.179688,13238.519531,13238.519531,4280160000.0,1
2023-06-09,13312.389648,13385.950195,13229.330078,13259.139648,13259.139648,4412710000.0,1
2023-06-10,13312.389648,13385.950195,13229.330078,13259.139648,13259.139648,4412710000.0,0
2023-06-11,13312.389648,13385.950195,13229.330078,13259.139648,13259.139648,4412710000.0,0
2023-06-12,13326.370117,13465.910156,13302.580078,13461.919922,13461.919922,4722680000.0,1
2023-06-13,13566.530273,13594.400391,13473.19043,13573.320313,13573.320313,5522100000.0,1
2023-06-14,13570.55957,13661.740234,13455.990234,13626.480469,13626.480469,5772550000.0,1
2023-06-15,13572.879883,13828.169922,13561.370117,13782.820313,13782.820313,5667520000.0,1
2023-06-16,13859.070313,13864.05957,13680.950195,13689.570313,13689.570313,8076530000.0,1
2023-06-17,13859.070313,13864.05957,13680.950195,13689.570313,13689.570313,8076530000.0,0
2023-06-18,13859.070313,13864.05957,13680.950195,13689.570313,13689.570313,8076530000.0,0
2023-06-19,13859.070313,13864.05957,13680.950195,13689.570313,13689.570313,8076530000.0,0
2023-06-20,13642.290039,13711.179688,13561.839844,13667.290039,13667.290039,5237710000.0,1
2023-06-21,13620.870117,13638.570313,13460.94043,13502.200195,13502.200195,5194640000.0,1
2023-06-22,13443.410156,13631.849609,13441.55957,13630.610352,13630.610352,4499550000.0,1
2023-06-23,13484.099609,13572.19043,13442.650391,13492.519531,13492.519531,7734500000.0,1
2023-06-24,13484.099609,13572.19043,13442.650391,13492.519531,13492.519531,7734500000.0,0
2023-06-25,13484.099609,13572.19043,13442.650391,13492.519531,13492.519531,7734500000.0,0
2023-06-26,13468.740234,13573.570313,13334.419922,13335.780273,13335.780273,4430600000.0,1
2023-06-27,13389.25,13578.799805,13366.969727,13555.669922,13555.669922,5053660000.0,1
2023-06-28,13506.019531,13654.139648,13495.730469,13591.75,13591.75,4533270000.0,1
2023-06-29,13592.360352,13618.530273,13540.259766,13591.330078,13591.330078,4388140000.0,1
2023-06-30,13719.980469,13816.679688,13716.160156,13787.919922,13787.919922,4661120000.0,1
2023-07-01,13719.980469,13816.679688,13716.160156,13787.919922,13787.919922,4661120000.0,0
2023-07-02,13719.980469,13816.679688,13716.160156,13787.919922,13787.919922,4661120000.0,0
2023-07-03,13798.700195,13839.089844,13773.410156,13816.769531,13816.769531,2902300000.0,1
2023-07-04,13798.700195,13839.089844,13773.410156,13816.769531,13816.769531,2902300000.0,0
2023-07-05,13772.099609,13844.5,13764.25,13791.650391,13791.650391,5339340000.0,1
2023-07-06,13653.169922,13689.519531,13567.25,13679.040039,13679.040039,6113080000.0,1
2023-07-07,13668.070313,13804.509766,13656.730469,13660.719727,13660.719727,5098120000.0,1
2023-07-08,13668.070313,13804.509766,13656.730469,13660.719727,13660.719727,5098120000.0,0
2023-07-09,13668.070313,13804.509766,13656.730469,13660.719727,13660.719727,5098120000.0,0
2023-07-10,13645.370117,13692.410156,13584.870117,13685.480469,13685.480469,5275390000.0,1
2023-07-11,13709.80957,13774.830078,13643.320313,13760.700195,13760.700195,4840950000.0,1
2023-07-12,13915.639648,13963.450195,13842.129883,13918.959961,13918.959961,5230620000.0,1
2023-07-13,14021.150391,14163.799805,14012.240234,14138.570313,14138.570313,5183560000.0,1
2023-07-14,14166.660156,14232.110352,14081.959961,14113.700195,14113.700195,5366890000.0,1
2023-07-15,14166.660156,14232.110352,14081.959961,14113.700195,14113.700195,5366890000.0,0
2023-07-16,14166.660156,14232.110352,14081.959961,14113.700195,14113.700195,5366890000.0,0
2023-07-17,14149.919922,14274.410156,14138.009766,14244.950195,14244.950195,4593160000.0,1
2023-07-18,14212.25,14396.69043,14176.110352,14353.639648,14353.639648,4824070000.0,1
2023-07-19,14398.530273,14446.549805,14317.089844,14358.019531,14358.019531,5112420000.0,1
2023-07-20,14273.290039,14309.919922,14030.620117,14063.30957,14063.30957,5128020000.0,1
2023-07-21,14148.179688,14179.009766,14020.450195,14032.80957,14032.80957,5254180000.0,1
